investor_name,portfolio_name,holding_id,isin,value_usd,company_name,asset_type,valid_input,direct_holding,security_mapped_sector,financial_sector,sectors_with_assets,has_ald_in_fin_sector,flag
Test,og_eq_cb_1,BR83114,US65334HAJ14,4432008,NA,Bonds,TRUE,TRUE,Oil&Gas,Oil&Gas,Oil&Gas + Power + Shipping,TRUE,Included in analysis
Test,og_eq_cb_1,BR259587,US842400EZ22,4361827,Southern Cal Edison,Bonds,TRUE,TRUE,Power,Power,Power,TRUE,Included in analysis
Test,og_eq_cb_1,BR640082,US595620AB14,1360886,Midamerican Energy Co,Bonds,TRUE,TRUE,Power,Power,Aviation + Coal + Oil&Gas + Power,TRUE,Included in analysis
Test,og_eq_cb_1,BR494168,US65339KAG58,3607170,Nextera Energy Capital,Bonds,TRUE,TRUE,Power,Power,Power,TRUE,Included in analysis
Test,og_eq_cb_1,BR4071,US202795HK91,6545500,Commonwealth Edison Co,Bonds,TRUE,TRUE,Power,Power,Aviation + Power,TRUE,Included in analysis
Test,og_eq_cb_1,BR207993,US664397AM81,8682697,Eversource Energy,Bonds,TRUE,TRUE,Power,Power,Power,TRUE,Included in analysis
Test,og_eq_cb_1,BR463072,US02665WBH34,709898,American Honda Finance Corp,Bonds,TRUE,TRUE,Automotive,Automotive,Automotive + Power,TRUE,Included in analysis
Test,og_eq_cb_1,BR22836,US263901AF72,12060660,Duke Energy Indiana Llc,Bonds,TRUE,TRUE,Power,Power,Aviation + Oil&Gas + Power,TRUE,Included in analysis
Test,og_eq_cb_1,BR8398,US00386SAB88,13649412,Taqa Abu Dhabi Natl Ener,Bonds,TRUE,TRUE,Oil&Gas,Oil&Gas,Oil&Gas + Power,TRUE,Included in analysis
Test,og_eq_cb_1,BR51186,US87305QCC33,13566150,NA,Bonds,TRUE,TRUE,Other,Other,NA,FALSE,Included in analysis
Test,og_eq_cb_1,BR434385,US629377CA80,328122,Nrg Energy Inc,Bonds,TRUE,TRUE,Power,Power,Power,TRUE,Included in analysis
Test,og_eq_cb_1,BR210644,US26442EAE05,5083500,Duke Energy Ohio Inc,Bonds,TRUE,TRUE,Power,Power,Aviation + Oil&Gas + Power,TRUE,Included in analysis
Test,og_eq_cb_1,BR269352,US976657AL02,40895708,Wec Energy Group Inc,Bonds,TRUE,TRUE,Power,Power,Power,TRUE,Included in analysis
Test,og_eq_cb_1,BR133838,US209111EU37,14359080,Con Edison Co Of Ny Inc,Bonds,TRUE,TRUE,Power,Power,Power,TRUE,Included in analysis
Test,og_eq_cb_1,BR89053,US202795JF88,4006204,Commonwealth Edison Co,Bonds,TRUE,TRUE,Power,Power,Aviation + Power,TRUE,Included in analysis
Test,og_eq_cb_1,BR128260,US26442CAS35,29766146,Duke Energy Carolinas Llc,Bonds,TRUE,TRUE,Power,Power,Aviation + Oil&Gas + Power,TRUE,Included in analysis
Test,og_eq_cb_1,BR619502,US906548CJ95,329397,Union Electric Co,Bonds,TRUE,TRUE,Power,Power,Power,TRUE,Included in analysis
Test,og_eq_cb_1,BR145877,US31428XAS53,5999568,Fedex Corp,Bonds,TRUE,TRUE,Other,Other,Aviation,FALSE,Included in analysis
Test,og_eq_cb_1,BR650077,US345370CQ17,349875,NA,Bonds,TRUE,TRUE,Automotive,Automotive,Automotive + Power,TRUE,Included in analysis
Test,og_eq_cb_1,BR102509,US30161MAN39,15422930,Exelon Generation Co Llc,Bonds,TRUE,TRUE,Power,Power,Aviation + Power,TRUE,Included in analysis
Test,og_eq_cb_1,BR434379,US95709TAP57,2516100,Evergy Kansas Central Inc,Bonds,TRUE,TRUE,Power,Power,Power,TRUE,Included in analysis
Test,og_eq_cb_1,BR644010,US450913AE80,1609425,Iamgold Corp,Bonds,TRUE,TRUE,Other,Other,Aviation + Power,FALSE,Included in analysis
Test,og_eq_cb_1,BR51108,US378272AQ19,17825400,Glencore Funding Llc,Bonds,TRUE,TRUE,Coal,Coal,Aviation + Coal + Oil&Gas + Power + Shipping,TRUE,Included in analysis
Test,og_eq_cb_1,BR347807,US247361ZK72,27357842,Delta Air Lines Inc,Bonds,TRUE,TRUE,Aviation,Aviation,Aviation,TRUE,Included in analysis
Test,og_eq_cb_1,BR328886,US629377CA80,370172,Nrg Energy Inc,Bonds,TRUE,TRUE,Power,Power,Power,TRUE,Included in analysis
Test,og_eq_cb_1,BR100616,US695114CG18,1366500,Pacificorp,Bonds,TRUE,TRUE,Power,Power,Aviation + Coal + Oil&Gas + Power,TRUE,Included in analysis
Test,og_eq_cb_1,BR246866,US65339KAV26,250625,Nextera Energy Capital,Bonds,TRUE,TRUE,Power,Power,Power,TRUE,Included in analysis
Test,og_eq_cb_1,BR576698,US345397YG20,2092765,Ford Motor Credit Co Llc,Bonds,TRUE,TRUE,Automotive,Automotive,Automotive + Power,TRUE,Included in analysis
Test,og_eq_cb_1,BR408691,US144141DD73,1604343,Duke Energy Progress Inc,Bonds,TRUE,TRUE,Power,Power,Aviation + Oil&Gas + Power,TRUE,Included in analysis
Test,og_eq_cb_1,BR250408,US91911TAP84,9570825,Vale Overseas Ltd,Bonds,TRUE,TRUE,Steel,Steel,Aviation + Coal + Power + Shipping,FALSE,Included in analysis
Test,og_eq_cb_1,BR275164,US927804FS88,17128349,Virginia Elec & Power Co,Bonds,TRUE,TRUE,Power,Power,Power,TRUE,Included in analysis
Test,og_eq_cb_1,BR511960,US440543AL07,1001250,Hornbeck Offshore Serv,Bonds,TRUE,TRUE,Shipping,Shipping,NA,FALSE,Included in analysis
Test,og_eq_cb_1,BR190574,US450319AA68,4510307,Itc Midwest Llc,Bonds,TRUE,TRUE,Other,Other,NA,FALSE,Included in analysis
Test,og_eq_cb_1,BR171570,USP06076AA49,476875,Aes El Salvador Trust Ii,Bonds,TRUE,TRUE,Power,Power,Coal + Power,TRUE,Included in analysis
Test,og_eq_cb_1,BR305242,US641423BZ08,6769420,Nevada Power Co,Bonds,TRUE,TRUE,Power,Power,Aviation + Coal + Oil&Gas + Power,TRUE,Included in analysis
Test,og_eq_cb_1,BR97799,US31428XBE58,8383793,Fedex Corp,Bonds,TRUE,TRUE,Other,Other,Aviation,FALSE,Included in analysis
Test,og_eq_cb_1,BR150352,US373334JN28,2518960,NA,Bonds,TRUE,TRUE,Power,Power,Power,TRUE,Included in analysis
Test,og_eq_cb_1,BR151346,USP22854AG14,823600,Cent Elet Brasileiras Sa,Bonds,TRUE,TRUE,Power,Power,Power,TRUE,Included in analysis
Test,og_eq_cb_1,BR576214,US345397YE71,791905,Ford Motor Credit Co Llc,Bonds,TRUE,TRUE,Automotive,Automotive,Automotive + Power,TRUE,Included in analysis
Test,og_eq_cb_1,BR246170,US837004CE86,416134,Dominion Energy South,Bonds,TRUE,TRUE,Power,Power,Power,TRUE,Included in analysis
Test,og_eq_cb_1,BR198350,US250847DZ04,9518686,Dte Electric Co,Bonds,TRUE,TRUE,Power,Power,Power,TRUE,Included in analysis
Test,og_eq_cb_1,BR61199,US04363UAB26,37320639,Pacific National Finance,Bonds,TRUE,TRUE,Other,Other,NA,FALSE,Included in analysis
Test,og_eq_cb_1,BR510587,US78355HKC24,34454,Ryder System Inc,Bonds,TRUE,TRUE,Other,Other,NA,FALSE,Included in analysis
Test,og_eq_cb_1,BR204346,US677347CE41,20948351,Ohio Edison Co,Bonds,TRUE,TRUE,Power,Power,Coal + Power,TRUE,Included in analysis
Test,og_eq_cb_1,BR218168,US461070AN44,14015260,Interstate Power & Light Co,Bonds,TRUE,TRUE,Power,Power,Power,TRUE,Included in analysis
Test,og_eq_cb_1,BR310534,US50066AAJ25,3030705,Korea Gas Corp,Bonds,TRUE,TRUE,Other,Other,Oil&Gas + Power + Shipping,FALSE,Included in analysis
Test,og_eq_cb_1,BR438597,US842587CV72,147068,Southern Co,Bonds,TRUE,TRUE,Power,Power,Power,TRUE,Included in analysis
Test,og_eq_cb_1,BR37920,US89233P5T93,5155500,Toyota Motor Credit Corp,Bonds,TRUE,TRUE,Automotive,Automotive,Automotive + Aviation + Power,TRUE,Included in analysis
Test,og_eq_cb_1,BR289621,US93884PDV94,63594000,Washington Gas Light Co,Bonds,TRUE,TRUE,Other,Other,Power,FALSE,Included in analysis
Test,og_eq_cb_1,BR279014,US210518CW42,16549345,Consumers Energy Co,Bonds,TRUE,TRUE,Power,Power,Power,TRUE,Included in analysis
Test,og_eq_cb_1,BR333627,US62704PAF09,994250,Murray Energy Corp,Bonds,TRUE,TRUE,Coal,Coal,NA,FALSE,Included in analysis
Test,og_eq_cb_1,BR344104,US398433AK84,1248,NA,Bonds,TRUE,TRUE,Other,Other,NA,FALSE,Included in analysis
Test,og_eq_cb_1,BR423787,US345397XL24,3102660,Ford Motor Credit Co Llc,Bonds,TRUE,TRUE,Automotive,Automotive,Automotive + Power,TRUE,Included in analysis
Test,og_eq_cb_1,BR173354,US26442UAE47,63256404,Duke Energy Progress Llc,Bonds,TRUE,TRUE,Power,Power,Aviation + Oil&Gas + Power,TRUE,Included in analysis
Test,og_eq_cb_1,BR227629,US28932MAG06,16390500,Elm Rd Generating Stat,Bonds,TRUE,TRUE,Power,Power,Power,TRUE,Included in analysis
Test,og_eq_cb_1,BR179227,US26442CAM64,1929417,Duke Energy Carolinas Llc,Bonds,TRUE,TRUE,Power,Power,Aviation + Oil&Gas + Power,TRUE,Included in analysis
Test,og_eq_cb_1,BR326144,US694308HH37,210630,Pacific Gas & Electric Co,Bonds,TRUE,TRUE,Power,Power,Aviation + Coal + Power,TRUE,Included in analysis
Test,og_eq_cb_1,BR656985,US37045XBK19,566056,General Motors Finl Co,Bonds,TRUE,TRUE,Automotive,Automotive,Automotive + Power,TRUE,Included in analysis
Test,og_eq_cb_1,BR181896,US419839AA31,1036751,Hawaiian Airlines 13-1b,Bonds,TRUE,TRUE,Aviation,Aviation,Aviation,TRUE,Included in analysis
Test,og_eq_cb_1,BR101303,US35671DBL82,1016700,Freeport-Mcmoran Inc,Bonds,TRUE,TRUE,Other,Other,Oil&Gas + Power,FALSE,Included in analysis
Test,og_eq_cb_1,BR517154,US049560AA31,2495568,Atmos Energy Corp,Bonds,TRUE,TRUE,Other,Other,NA,FALSE,Included in analysis
Test,og_eq_cb_1,BR303663,US266233AB11,656141,Duquesne Light Holdings,Bonds,TRUE,TRUE,Power,Power,Power,TRUE,Included in analysis
Test,og_eq_cb_1,BR529996,US797440BH66,1501888,San Diego G & E,Bonds,TRUE,TRUE,Power,Power,Coal + Power,TRUE,Included in analysis
Test,og_eq_cb_1,BR626466,US210518CT13,284775,Consumers Energy Co,Bonds,TRUE,TRUE,Power,Power,Power,TRUE,Included in analysis
Test,og_eq_cb_1,BR173282,US28932MAJ45,36547431,Elm Rd Generating Stat,Bonds,TRUE,TRUE,Power,Power,Power,TRUE,Included in analysis
Test,og_eq_cb_1,BR47898,US493738AE83,3919584,Kia Motors Corp,Bonds,TRUE,TRUE,Automotive,Automotive,Automotive,TRUE,Included in analysis
Test,og_eq_cb_1,BR108048,US268789AB07,930682,NA,Bonds,TRUE,TRUE,Power,Power,Power,TRUE,Included in analysis
Test,og_eq_cb_1,BR422601,US443628AF98,762140,Hudbay Minerals Inc,Bonds,TRUE,TRUE,Other,Other,NA,FALSE,Included in analysis
Test,og_eq_cb_1,BR188425,US74456QBD79,2258966,Public Service Electric & Gas,Bonds,TRUE,TRUE,Power,Power,Power,TRUE,Included in analysis
Test,og_eq_cb_1,BR335986,USY4899GAS22,184114,Korea Hydro & Nuclear Po,Bonds,TRUE,TRUE,Power,Power,Power,TRUE,Included in analysis
Test,og_eq_cb_1,BR272,US878742AV70,83504,Teck Resources Ltd,Bonds,TRUE,TRUE,Other,Other,Coal + Oil&Gas + Power,FALSE,Included in analysis
Test,og_eq_cb_1,BR427579,US37045XBS45,5821070,General Motors Finl Co,Bonds,TRUE,TRUE,Automotive,Automotive,Automotive + Power,TRUE,Included in analysis
Test,og_eq_cb_1,BR238362,US694308HF70,29184200,Pacific Gas & Electric Co,Bonds,TRUE,TRUE,Power,Power,Aviation + Coal + Power,TRUE,Included in analysis
Test,og_eq_cb_1,BR85769,US040555CH53,1800360,Arizona Public Service Co,Bonds,TRUE,TRUE,Power,Power,Power,TRUE,Included in analysis
Test,og_eq_cb_1,BR279061,US26442UAA25,33176390,Duke Energy Progress Llc,Bonds,TRUE,TRUE,Power,Power,Aviation + Oil&Gas + Power,TRUE,Included in analysis
Test,og_eq_cb_1,BR146321,US87305QCD16,3001764,NA,Bonds,TRUE,TRUE,Other,Other,NA,FALSE,Included in analysis
Test,og_eq_cb_1,BR667261,US373334KF74,594606,Georgia Power Co,Bonds,TRUE,TRUE,Power,Power,Power,TRUE,Included in analysis
Test,og_eq_cb_1,BR301060,US654740AU37,2769657,Nissan Motor Acceptance,Bonds,TRUE,TRUE,Automotive,Automotive,Automotive + Power,TRUE,Included in analysis
Test,og_eq_cb_1,BR148400,US266233AC93,190276,Duquesne Light Holdings,Bonds,TRUE,TRUE,Power,Power,Power,TRUE,Included in analysis
Test,og_eq_cb_1,BR615275,US29364GAF00,105702,Entergy Corp,Bonds,TRUE,TRUE,Power,Power,Aviation + Power,TRUE,Included in analysis
Test,og_eq_cb_1,BR504722,US25746UCR86,1996860,Dominion Energy Inc,Bonds,TRUE,TRUE,Power,Power,Power,TRUE,Included in analysis
Test,og_eq_cb_1,BR19426,US037735CW53,3856727,Appalachian Power Co,Bonds,TRUE,TRUE,Power,Power,Aviation + Coal + Power,TRUE,Included in analysis
Test,og_eq_cb_1,BR205927,US49725VAB80,7546641,Kiowa Power Partners Llc,Bonds,TRUE,TRUE,Power,Power,NA,FALSE,Included in analysis
Test,og_eq_cb_1,BR381476,US26441CAY12,71865,Duke Energy Corp,Bonds,TRUE,TRUE,Power,Power,Aviation + Oil&Gas + Power,TRUE,Included in analysis
Test,og_eq_cb_1,BR535532,US797440BR49,5517262,San Diego G & E,Bonds,TRUE,TRUE,Power,Power,Coal + Power,TRUE,Included in analysis
Test,og_eq_cb_1,BR123849,US927804FR06,8549179,Virginia Elec & Power Co,Bonds,TRUE,TRUE,Power,Power,Power,TRUE,Included in analysis
Test,og_eq_cb_1,BR354638,US233331AY31,3816755,Dte Energy Co,Bonds,TRUE,TRUE,Power,Power,Power,TRUE,Included in analysis
Test,og_eq_cb_1,BR156370,US976843BH44,26076393,Wisconsin Public Service Corp,Bonds,TRUE,TRUE,Power,Power,Power,TRUE,Included in analysis
Test,og_eq_cb_1,BR475574,US29103DAF33,2359229,NA,Bonds,TRUE,TRUE,Power,Power,Power,TRUE,Included in analysis
Test,og_eq_cb_1,BR51946,US29364NAU28,418757,Entergy Mississippi Llc,Bonds,TRUE,TRUE,Power,Power,Aviation + Power,TRUE,Included in analysis
Test,og_eq_cb_1,BR377975,US03938LAX29,558750,Arcelormittal,Bonds,TRUE,TRUE,Steel,Steel,Coal + Power + Shipping + Steel,TRUE,Included in analysis
Test,og_eq_cb_1,BR172380,US05565EAF25,11829252,Bmw Us Capital Llc,Bonds,TRUE,TRUE,Automotive,Automotive,Automotive + Power,TRUE,Included in analysis
Test,og_eq_cb_1,BR232079,US694308GE15,65826479,Pacific Gas & Electric Co,Bonds,TRUE,TRUE,Power,Power,Aviation + Coal + Power,TRUE,Included in analysis
Test,og_eq_cb_1,BR179628,US125896BP44,3276067,Cms Energy Corp,Bonds,TRUE,TRUE,Power,Power,Power,TRUE,Included in analysis
Test,og_eq_cb_1,BR308141,US302570AW69,11929025,Nextera Energy Capital,Bonds,TRUE,TRUE,Power,Power,Power,TRUE,Included in analysis
Test,og_eq_cb_1,BR562579,US31428XBG07,4386040,Fedex Corp,Bonds,TRUE,TRUE,Other,Other,Aviation,FALSE,Included in analysis
Test,og_eq_cb_1,BR51707,US69351UAQ67,5952900,Ppl Electric Utilities Corp,Bonds,TRUE,TRUE,Power,Power,Power,TRUE,Included in analysis
Test,og_eq_cb_1,BR205989,US76720AAG13,21588399,Rio Tinto Finance Usa Plc,Bonds,TRUE,TRUE,Steel,Steel,Power + Shipping + Steel,TRUE,Included in analysis
Test,og_eq_cb_1,BR160982,US26442CAA27,1257121,Duke Energy Carolinas Llc,Bonds,TRUE,TRUE,Power,Power,Aviation + Oil&Gas + Power,TRUE,Included in analysis
Test,og_eq_cb_1,BR48885,US651639AN69,6125221,Newmont Goldcorp Corp,Bonds,TRUE,TRUE,Other,Other,Power,FALSE,Included in analysis
Test,og_eq_cb_1,BR39557,US013716AW59,13165891,Rio Tinto Alcan Inc,Bonds,TRUE,TRUE,Other,Other,Power + Shipping + Steel,FALSE,Included in analysis
Test,og_eq_cb_1,BR669520,US05565EAF25,266158,Bmw Us Capital Llc,Bonds,TRUE,TRUE,Automotive,Automotive,Automotive + Power,TRUE,Included in analysis
Test,og_eq_cb_1,BR60135,US263901AB68,28027940,Duke Energy Indiana Llc,Bonds,TRUE,TRUE,Power,Power,Aviation + Oil&Gas + Power,TRUE,Included in analysis
Test,og_eq_cb_1,BR39971,US30161MAJ27,25204090,Exelon Generation Co Llc,Bonds,TRUE,TRUE,Power,Power,Aviation + Power,TRUE,Included in analysis
Test,og_eq_cb_1,BR115446,US67021CAF41,10190080,Nstar Electric Co,Bonds,TRUE,TRUE,Power,Power,Power,TRUE,Included in analysis
Test,og_eq_cb_1,BR565459,US89236TDW27,3034200,Toyota Motor Credit Corp,Bonds,TRUE,TRUE,Automotive,Automotive,Automotive + Aviation + Power,TRUE,Included in analysis
Test,og_eq_cb_1,BR119112,US26835PAF71,17137530,Edp Finance Bv,Bonds,TRUE,TRUE,Power,Power,Power,TRUE,Included in analysis
Test,og_eq_cb_1,BR615880,US664397AM81,100507,Eversource Energy,Bonds,TRUE,TRUE,Power,Power,Power,TRUE,Included in analysis
Test,og_eq_cb_1,BR122868,US172070CP76,9060728,Duke Energy Ohio Inc,Bonds,TRUE,TRUE,Power,Power,Aviation + Oil&Gas + Power,TRUE,Included in analysis
Test,og_eq_cb_1,BR313328,US23338VAB27,6104076,Dte Electric Co,Bonds,TRUE,TRUE,Power,Power,Power,TRUE,Included in analysis
Test,og_eq_cb_1,BR114919,US59562VAM90,3918723,Berkshire Hathaway Energy Co,Bonds,TRUE,TRUE,Power,Power,Aviation + Coal + Oil&Gas + Power,TRUE,Included in analysis
Test,og_eq_cb_1,BR436466,US476556CX17,1458647,Jersey Central Pwr & Lt,Bonds,TRUE,TRUE,Power,Power,Coal + Power,TRUE,Included in analysis
Test,og_eq_cb_1,BR686,US743263AE50,228145,Progress Energy Inc,Bonds,TRUE,TRUE,Power,Power,Aviation + Oil&Gas + Power,TRUE,Included in analysis
Test,og_eq_cb_1,BR532740,US797440BT05,464480,San Diego G & E,Bonds,TRUE,TRUE,Power,Power,Coal + Power,TRUE,Included in analysis
Test,og_eq_cb_1,BR7804,US21079NAA90,9773163,Contl Airlines 2007-1,Bonds,TRUE,TRUE,Aviation,Aviation,Aviation + Power,TRUE,Included in analysis
Test,og_eq_cb_1,BR229560,US125896BK56,5924859,Cms Energy Corp,Bonds,TRUE,TRUE,Power,Power,Power,TRUE,Included in analysis
Test,og_eq_cb_1,BR626328,US37045VAE02,1623255,General Motors Co,Bonds,TRUE,TRUE,Automotive,Automotive,Automotive + Power,TRUE,Included in analysis
Test,og_eq_cb_1,BR108534,US15361GAU94,6020738,Central Hudson Gas & Ele,Bonds,TRUE,TRUE,Power,Power,Power,TRUE,Included in analysis
Test,og_eq_cb_1,BR210814,US98389BAH33,13509100,Xcel Energy Inc,Bonds,TRUE,TRUE,Power,Power,Power,TRUE,Included in analysis
Test,og_eq_cb_1,BR265629,US573284AQ94,3159171,Martin Marietta Material,Bonds,TRUE,TRUE,Cement,Cement,Aviation + Cement,TRUE,Included in analysis
Test,og_eq_cb_1,BR670525,US65364UAK25,1304192,Niagara Mohawk Power Corp,Bonds,TRUE,TRUE,Power,Power,Aviation + Power,TRUE,Included in analysis
Test,og_eq_cb_1,BR675633,US345370CA64,130535,NA,Bonds,TRUE,TRUE,Automotive,Automotive,Automotive + Power,TRUE,Included in analysis
Test,og_eq_cb_1,BR128251,US759509AE27,6323686,Reliance Steel & Alum,Bonds,TRUE,TRUE,Steel,Steel,Power,FALSE,Included in analysis
Test,og_eq_cb_1,BR217213,US037735CV70,5548900,Appalachian Power Co,Bonds,TRUE,TRUE,Power,Power,Aviation + Coal + Power,TRUE,Included in analysis
Test,og_eq_cb_1,BR487304,US345397XF55,4983940,Ford Motor Credit Co Llc,Bonds,TRUE,TRUE,Automotive,Automotive,Automotive + Power,TRUE,Included in analysis
Test,og_eq_cb_1,BR82026,US927804FB53,2306458,Virginia Elec & Power Co,Bonds,TRUE,TRUE,Power,Power,Power,TRUE,Included in analysis
Test,og_eq_cb_1,BR214048,US98389BAU44,6681511,Xcel Energy Inc,Bonds,TRUE,TRUE,Power,Power,Power,TRUE,Included in analysis
Test,og_eq_cb_1,BR371909,US842400ES88,192914,Southern Cal Edison,Bonds,TRUE,TRUE,Power,Power,Power,TRUE,Included in analysis
Test,og_eq_cb_1,BR86046,US744542AC53,2046342,Public Service Co Of New Mexic,Bonds,TRUE,TRUE,Power,Power,Power,TRUE,Included in analysis
Test,og_eq_cb_1,BR238996,US31428XAY22,10630480,Fedex Corp,Bonds,TRUE,TRUE,Other,Other,Aviation,FALSE,Included in analysis
Test,og_eq_cb_1,BR667535,US233851CZ53,687124,Daimler Finance Na Llc,Bonds,TRUE,TRUE,Automotive,Automotive,Automotive + Power,TRUE,Included in analysis
Test,og_eq_cb_1,BR62096,US30251GAW78,65813,Fmg Resources Aug 2006,Bonds,TRUE,TRUE,Other,Other,Power + Shipping,FALSE,Included in analysis
Test,og_eq_cb_1,BR140477,US05565EAM75,582780,Bmw Us Capital Llc,Bonds,TRUE,TRUE,Automotive,Automotive,Automotive + Power,TRUE,Included in analysis
Test,og_eq_cb_1,BR407652,US30251GAU13,354375,Fmg Resources Aug 2006,Bonds,TRUE,TRUE,Other,Other,Power + Shipping,FALSE,Included in analysis
Test,og_eq_cb_1,BR585888,US059165EG13,9444,Baltimore Gas & Electric Co,Bonds,TRUE,TRUE,Power,Power,Aviation + Power,TRUE,Included in analysis
Test,og_eq_cb_1,BR144709,US65364UAK25,25876825,Niagara Mohawk Power Corp,Bonds,TRUE,TRUE,Power,Power,Aviation + Power,TRUE,Included in analysis
Test,og_eq_cb_1,BR516838,US00388WAD39,660038,Abu Dhabi National Energ,Bonds,TRUE,TRUE,Oil&Gas,Oil&Gas,Oil&Gas + Power,TRUE,Included in analysis
Test,og_eq_cb_1,BR522682,US69371RM945,149134,Paccar Financial Corp,Bonds,TRUE,TRUE,Automotive,Automotive,Aviation,FALSE,Included in analysis
Test,og_eq_cb_1,BR138900,US35671DAZ87,248750,Freeport-Mcmoran Inc,Bonds,TRUE,TRUE,Other,Other,Oil&Gas + Power,FALSE,Included in analysis
Test,og_eq_cb_1,BR51407,US80589MAD48,14525980,NA,Bonds,TRUE,TRUE,Power,Power,Power,TRUE,Included in analysis
Test,og_eq_cb_1,BR57538,US90932LAA52,704230,United Air 2015-1 Aa Ptt,Bonds,TRUE,TRUE,Aviation,Aviation,Aviation + Power,TRUE,Included in analysis
Test,og_eq_cb_1,BR688191,US345397WW97,683552,Ford Motor Credit Co Llc,Bonds,TRUE,TRUE,Automotive,Automotive,Automotive + Power,TRUE,Included in analysis
Test,og_eq_cb_1,BR422862,US842587CU99,7003430,Southern Co,Bonds,TRUE,TRUE,Power,Power,Power,TRUE,Included in analysis
Test,og_eq_cb_1,BR145720,US12626PAM59,20944890,Crh America Inc,Bonds,TRUE,TRUE,Cement,Cement,Cement,TRUE,Included in analysis
Test,og_eq_cb_1,BR208863,US26442CAE49,6958901,Duke Energy Carolinas Llc,Bonds,TRUE,TRUE,Power,Power,Aviation + Oil&Gas + Power,TRUE,Included in analysis
Test,og_eq_cb_1,BR178711,US65364UAE64,23209181,Niagara Mohawk Power Corp,Bonds,TRUE,TRUE,Power,Power,Aviation + Power,TRUE,Included in analysis
Test,og_eq_cb_1,BR181600,US664397AK26,44513359,Eversource Energy,Bonds,TRUE,TRUE,Power,Power,Power,TRUE,Included in analysis
Test,og_eq_cb_1,BR686279,US59562VAR87,112197,Berkshire Hathaway Energy Co,Bonds,TRUE,TRUE,Power,Power,Aviation + Coal + Oil&Gas + Power,TRUE,Included in analysis
Test,og_eq_cb_1,BR598691,US88160RAE18,811793,Tesla Inc,Bonds,TRUE,TRUE,Automotive,Automotive,Automotive + Power,TRUE,Included in analysis
Test,og_eq_cb_1,BR130087,US37045VAF76,2759813,General Motors Co,Bonds,TRUE,TRUE,Automotive,Automotive,Automotive + Power,TRUE,Included in analysis
Test,og_eq_cb_1,BR296619,US202795JE14,2020100,Commonwealth Edison Co,Bonds,TRUE,TRUE,Power,Power,Aviation + Power,TRUE,Included in analysis
Test,og_eq_cb_1,BR135542,US74955DAA90,217860,Rgs Aegco Funding Corp,Bonds,TRUE,TRUE,Power,Power,Aviation + Coal + Power,TRUE,Included in analysis
Test,og_eq_cb_1,BR250560,US005117AA49,9213300,Acwa Power Mgmt Invst,Bonds,TRUE,TRUE,Power,Power,NA,FALSE,Included in analysis
Test,og_eq_cb_1,BR673828,US125896BL30,139390,Cms Energy Corp,Bonds,TRUE,TRUE,Power,Power,Power,TRUE,Included in analysis
Test,og_eq_cb_1,BR638238,US37045XBV73,505106,General Motors Finl Co,Bonds,TRUE,TRUE,Automotive,Automotive,Automotive + Power,TRUE,Included in analysis
Test,og_eq_cb_1,BR240577,US50587KAA97,17766049,Lafargeholcim Finance Us Llc,Bonds,TRUE,TRUE,Cement,Cement,Cement + Coal + Power + Shipping,TRUE,Included in analysis
Test,og_eq_cb_1,BR262331,US186108CK02,1902075,Cleveland Electric Illum,Bonds,TRUE,TRUE,Power,Power,Coal + Power,TRUE,Included in analysis
Test,og_eq_cb_1,BR625224,US465685AK11,642317,Itc Holdings Corp,Bonds,TRUE,TRUE,Other,Other,NA,FALSE,Included in analysis
Test,og_eq_cb_1,BR239904,US268317AK07,44309480,Electricite De France Sa,Bonds,TRUE,TRUE,Power,Power,Coal + Oil&Gas + Power + Shipping,TRUE,Included in analysis
Test,og_eq_cb_1,BR610687,US737679DG22,157089,Potomac Electric Power Co,Bonds,TRUE,TRUE,Power,Power,Aviation + Power,TRUE,Included in analysis
Test,og_eq_cb_1,BR232899,US491674BG15,14473412,Kentucky Utilities Co,Bonds,TRUE,TRUE,Power,Power,Power,TRUE,Included in analysis
Test,og_eq_cb_1,BR172442,US744448CE96,9355291,Public Service Colorado,Bonds,TRUE,TRUE,Power,Power,Power,TRUE,Included in analysis
Test,og_eq_cb_1,BR380563,US95709TAN00,404628,Evergy Kansas Central Inc,Bonds,TRUE,TRUE,Power,Power,Power,TRUE,Included in analysis
Test,og_eq_cb_1,BR218177,US74955DAB73,1834133,Rgs Aegco Funding Corp,Bonds,TRUE,TRUE,Power,Power,Aviation + Coal + Power,TRUE,Included in analysis
Test,og_eq_cb_1,BR431789,US05351WAA18,671545,Avangrid Inc,Bonds,TRUE,TRUE,Power,Power,Oil&Gas + Power,TRUE,Included in analysis
Test,og_eq_cb_1,BR496368,US31428XBM74,15100605,Fedex Corp,Bonds,TRUE,TRUE,Other,Other,Aviation,FALSE,Included in analysis
Test,og_eq_cb_1,BR59886,US209111FL29,10489440,Con Edison Co Of Ny Inc,Bonds,TRUE,TRUE,Power,Power,Power,TRUE,Included in analysis
Test,og_eq_cb_1,BR277958,US144285AK99,509754,Carpenter Technology,Bonds,TRUE,TRUE,Steel,Steel,Steel,TRUE,Included in analysis
Test,og_eq_cb_1,BR169088,US875127BA91,15516240,Tampa Electric Co,Bonds,TRUE,TRUE,Power,Power,Power,TRUE,Included in analysis
Test,og_eq_cb_1,BR174521,US929160AT60,1023830,Vulcan Materials Co,Bonds,TRUE,TRUE,Cement,Cement,Aviation + Power,FALSE,Included in analysis
Test,og_eq_cb_1,BR27560,US15405EAD04,7190586,Central Maine Power Co,Bonds,TRUE,TRUE,Power,Power,Oil&Gas + Power,TRUE,Included in analysis
Test,og_eq_cb_1,BR160117,US610202BP77,1089352,Monongahela Power Co,Bonds,TRUE,TRUE,Power,Power,Coal + Power,TRUE,Included in analysis
Test,og_eq_cb_1,BR305645,US28932MAJ45,11492900,Elm Rd Generating Stat,Bonds,TRUE,TRUE,Power,Power,Power,TRUE,Included in analysis
Test,og_eq_cb_1,BR2046,US858119AZ32,513750,Steel Dynamics Inc,Bonds,TRUE,TRUE,Steel,Steel,Aviation + Steel,TRUE,Included in analysis
Test,og_eq_cb_1,BR179686,US737679DE73,3897921,Potomac Electric Power Co,Bonds,TRUE,TRUE,Power,Power,Aviation + Power,TRUE,Included in analysis
Test,og_eq_cb_1,BR145608,US034863AP55,21193320,Anglo American Capital,Bonds,TRUE,TRUE,Other,Other,Coal + Power,FALSE,Included in analysis
Test,og_eq_cb_1,BR201656,US26817RAB42,14377500,Vistra Energy Corp,Bonds,TRUE,TRUE,Other,Other,Coal + Power,FALSE,Included in analysis
Test,og_eq_cb_1,BR301060,US654740AU37,2769657,Nissan Motor Acceptance,Bonds,TRUE,TRUE,Automotive,Automotive,Automotive + Power,TRUE,Included in analysis
Test,og_eq_cb_1,BR109228,US05607MAA53,1067450,Heathrow Funding Ltd,Bonds,TRUE,TRUE,Aviation,Aviation,NA,FALSE,Included in analysis
Test,og_eq_cb_1,BR424929,USU2339CBK37,3025500,Daimler Finance Na Llc,Bonds,TRUE,TRUE,Automotive,Automotive,Automotive + Power,TRUE,Included in analysis
Test,og_eq_cb_1,BR231681,US345370CA64,196082,NA,Bonds,TRUE,TRUE,Automotive,Automotive,Automotive + Power,TRUE,Included in analysis
Test,og_eq_cb_1,BR111254,US927804FL36,3182400,Virginia Elec & Power Co,Bonds,TRUE,TRUE,Power,Power,Power,TRUE,Included in analysis
Test,og_eq_cb_1,BR23257,US976826BH94,524674,Wisconsin Power & Light Co,Bonds,TRUE,TRUE,Power,Power,Power,TRUE,Included in analysis
Test,og_eq_cb_1,BR27562,US37045XCD66,4997320,General Motors Finl Co,Bonds,TRUE,TRUE,Automotive,Automotive,Automotive + Power,TRUE,Included in analysis
Test,og_eq_cb_1,BR157771,US65120FAB04,34318976,Newcrest Finance Pty Ltd,Bonds,TRUE,TRUE,Other,Other,Aviation + Power,FALSE,Included in analysis
Test,og_eq_cb_1,BR327826,US373334KG57,11921880,Georgia Power Co,Bonds,TRUE,TRUE,Power,Power,Power,TRUE,Included in analysis
Test,og_eq_cb_1,BR259453,US455434BH28,5139514,Indianapolis Power & Light Co,Bonds,TRUE,TRUE,Power,Power,Coal + Power,TRUE,Included in analysis
Test,og_eq_cb_1,BR450533,US186108CK02,570622,Cleveland Electric Illum,Bonds,TRUE,TRUE,Power,Power,Coal + Power,TRUE,Included in analysis
Test,og_eq_cb_1,BR192934,US976826BK24,10631950,Wisconsin Power & Light Co,Bonds,TRUE,TRUE,Power,Power,Power,TRUE,Included in analysis
Test,og_eq_cb_1,BR60939,US26442UAE47,10040670,Duke Energy Progress Llc,Bonds,TRUE,TRUE,Power,Power,Aviation + Oil&Gas + Power,TRUE,Included in analysis
Test,og_eq_cb_1,BR636075,US89566EAK47,33852,Tristate Gen&Trans Assn,Bonds,TRUE,TRUE,Power,Power,Coal + Power,TRUE,Included in analysis
Test,og_eq_cb_1,BR92655,US391164AE09,2065370,Evergy Inc,Bonds,TRUE,TRUE,Power,Power,Power,TRUE,Included in analysis
Test,og_eq_cb_1,BR100886,US845743BL61,1261048,Southwestern Public Service Co,Bonds,TRUE,TRUE,Power,Power,Power,TRUE,Included in analysis
Test,og_eq_cb_1,BR30677,US694308HP52,13240838,Pacific Gas & Electric Co,Bonds,TRUE,TRUE,Power,Power,Aviation + Coal + Power,TRUE,Included in analysis
Test,og_eq_cb_1,BR269033,US31428XAY22,53152395,Fedex Corp,Bonds,TRUE,TRUE,Other,Other,Aviation,FALSE,Included in analysis
Test,og_eq_cb_1,BR449542,US67021CAM91,75908,Nstar Electric Co,Bonds,TRUE,TRUE,Power,Power,Power,TRUE,Included in analysis
Test,og_eq_cb_1,BR100934,US05565EAL92,975667,Bmw Us Capital Llc,Bonds,TRUE,TRUE,Automotive,Automotive,Automotive + Power,TRUE,Included in analysis
Test,og_eq_cb_1,BR318091,US037735CM71,19917137,Appalachian Power Co,Bonds,TRUE,TRUE,Power,Power,Aviation + Coal + Power,TRUE,Included in analysis
Test,og_eq_cb_1,BR642368,US01879NAA37,506469,Alliance Res Op/Finance,Bonds,TRUE,TRUE,Coal,Coal,Coal,TRUE,Included in analysis
Test,og_eq_cb_1,BR9300,US573284AJ51,8284678,Martin Marietta Material,Bonds,TRUE,TRUE,Cement,Cement,Aviation + Cement,TRUE,Included in analysis
Test,og_eq_cb_1,BR317332,US337932AC13,27827497,Firstenergy Corp,Bonds,TRUE,TRUE,Power,Power,Coal + Power,TRUE,Included in analysis
Test,og_eq_cb_1,BR560079,US90333LAP76,1152939,Us Concrete Inc,Bonds,TRUE,TRUE,Cement,Cement,NA,FALSE,Included in analysis
Test,og_eq_cb_1,BR125438,US74456QBN51,13737580,Public Service Electric & Gas,Bonds,TRUE,TRUE,Power,Power,Power,TRUE,Included in analysis
Test,og_eq_cb_1,BR263096,US70457LAB09,277680,Peabody Energy Corp,Bonds,TRUE,TRUE,Coal,Coal,Aviation + Coal,TRUE,Included in analysis
Test,og_eq_cb_1,BR191806,US209111EQ25,6298000,Con Edison Co Of Ny Inc,Bonds,TRUE,TRUE,Power,Power,Power,TRUE,Included in analysis
Test,og_eq_cb_1,BR458455,US95709TAK60,56772,Evergy Kansas Central Inc,Bonds,TRUE,TRUE,Power,Power,Power,TRUE,Included in analysis
Test,og_eq_cb_1,BR194979,US341081FL67,29522448,Florida Power & Light Co,Bonds,TRUE,TRUE,Power,Power,Power,TRUE,Included in analysis
Test,og_eq_cb_1,BR319792,US25746UAY55,5900580,Dominion Energy Inc,Bonds,TRUE,TRUE,Power,Power,Power,TRUE,Included in analysis
Test,og_eq_cb_1,BR361938,US783549AZ16,2387480,Ryder System Inc,Bonds,TRUE,TRUE,Other,Other,NA,FALSE,Included in analysis
Test,og_eq_cb_1,BR673093,US880779AZ60,865380,Terex Corp,Bonds,TRUE,TRUE,Other,Other,NA,FALSE,Included in analysis
Test,og_eq_cb_1,BR608798,US29278GAD07,2044622,NA,Bonds,TRUE,TRUE,Power,Power,Oil&Gas + Power,TRUE,Included in analysis
Test,og_eq_cb_1,BR221569,US049560AN51,2489775,Atmos Energy Corp,Bonds,TRUE,TRUE,Other,Other,NA,FALSE,Included in analysis
Test,og_eq_cb_1,BR316589,US694308HM22,87982,Pacific Gas & Electric Co,Bonds,TRUE,TRUE,Power,Power,Aviation + Coal + Power,TRUE,Included in analysis
Test,og_eq_cb_1,BR322853,US767201AS58,1833346,Rio Tinto Finance Usa Ltd,Bonds,TRUE,TRUE,Steel,Steel,Power + Shipping + Steel,TRUE,Included in analysis
Test,og_eq_cb_1,BR529737,US86614RAL15,377400,Summit Materials Llc/Fin,Bonds,TRUE,TRUE,Cement,Cement,NA,FALSE,Included in analysis
Test,og_eq_cb_1,BR644361,US26441CAX39,4157052,Duke Energy Corp,Bonds,TRUE,TRUE,Power,Power,Aviation + Oil&Gas + Power,TRUE,Included in analysis
Test,og_eq_cb_1,BR134626,US50188FAD78,417786,Lg&E & Ku Energy Llc,Bonds,TRUE,TRUE,Power,Power,Power,TRUE,Included in analysis
Test,og_eq_cb_1,BR50806,US875127AZ51,18424600,Tampa Electric Co,Bonds,TRUE,TRUE,Power,Power,Power,TRUE,Included in analysis
Test,og_eq_cb_1,BR582637,US30040WAC29,8022238,Eversource Energy,Bonds,TRUE,TRUE,Power,Power,Power,TRUE,Included in analysis
Test,og_eq_cb_1,BR616563,US02665WBT71,679608,American Honda Finance Corp,Bonds,TRUE,TRUE,Automotive,Automotive,Automotive + Power,TRUE,Included in analysis
Test,og_eq_cb_1,BR50656,US345370CA64,6548900,NA,Bonds,TRUE,TRUE,Automotive,Automotive,Automotive + Power,TRUE,Included in analysis
Test,og_eq_cb_1,BR216920,US29364NAS71,9662920,Entergy Mississippi Llc,Bonds,TRUE,TRUE,Power,Power,Aviation + Power,TRUE,Included in analysis
Test,og_eq_cb_1,BR167114,US695114CD86,11595078,Pacificorp,Bonds,TRUE,TRUE,Power,Power,Aviation + Coal + Oil&Gas + Power,TRUE,Included in analysis
Test,og_eq_cb_1,BR481466,US210795QC77,129307,Contl Airlines 2012-2 B,Bonds,TRUE,TRUE,Aviation,Aviation,Aviation + Power,TRUE,Included in analysis
Test,og_eq_cb_1,BR305116,US048303CC31,24939624,Atlantic City Electric Co,Bonds,TRUE,TRUE,Power,Power,Aviation + Power,TRUE,Included in analysis
Test,og_eq_cb_1,BR57011,US842400FH15,1983930,Southern Cal Edison,Bonds,TRUE,TRUE,Power,Power,Power,TRUE,Included in analysis
Test,og_eq_cb_1,BR38520,US345397WK59,8424000,Ford Motor Credit Co Llc,Bonds,TRUE,TRUE,Automotive,Automotive,Automotive + Power,TRUE,Included in analysis
Test,og_eq_cb_1,BR143633,US02666QJ797,28191402,American Honda Finance Corp,Bonds,TRUE,TRUE,Automotive,Automotive,Automotive + Power,TRUE,Included in analysis
Test,og_eq_cb_1,BR122602,US02361DAN03,7539553,Ameren Illinois Co,Bonds,TRUE,TRUE,Power,Power,Power,TRUE,Included in analysis
Test,og_eq_cb_1,BR667885,US034863AG56,471262,Anglo American Capital,Bonds,TRUE,TRUE,Other,Other,Coal + Power,FALSE,Included in analysis
Test,og_eq_cb_1,BR183062,US875127BA91,9129575,Tampa Electric Co,Bonds,TRUE,TRUE,Power,Power,Power,TRUE,Included in analysis
Test,og_eq_cb_1,BR634260,US37045XBV73,1075753,General Motors Finl Co,Bonds,TRUE,TRUE,Automotive,Automotive,Automotive + Power,TRUE,Included in analysis
Test,og_eq_cb_1,BR196901,US055451AU28,16513855,Bhp Billiton Finance Usa Ltd,Bonds,TRUE,TRUE,Coal,Coal,Coal + Oil&Gas + Power,TRUE,Included in analysis
Test,og_eq_cb_1,BR655730,US26442CAK09,470178,Duke Energy Carolinas Llc,Bonds,TRUE,TRUE,Power,Power,Aviation + Oil&Gas + Power,TRUE,Included in analysis
Test,og_eq_cb_1,BR152696,US023608AF92,1605280,Ameren Corp,Bonds,TRUE,TRUE,Power,Power,Power,TRUE,Included in analysis
Test,og_eq_cb_1,BR377099,US034863AT77,1067497,Anglo American Capital,Bonds,TRUE,TRUE,Other,Other,Coal + Power,FALSE,Included in analysis
Test,og_eq_cb_1,BR379120,US202795HZ60,257048,Commonwealth Edison Co,Bonds,TRUE,TRUE,Power,Power,Aviation + Power,TRUE,Included in analysis
Test,og_eq_cb_1,BR175452,US345397XF55,498394,Ford Motor Credit Co Llc,Bonds,TRUE,TRUE,Automotive,Automotive,Automotive + Power,TRUE,Included in analysis
Test,og_eq_cb_1,BR255375,US797440BV50,526230,San Diego G & E,Bonds,TRUE,TRUE,Power,Power,Coal + Power,TRUE,Included in analysis
Test,og_eq_cb_1,BR339582,US816851BA63,5627341,Sempra Energy,Bonds,TRUE,TRUE,Power,Power,Coal + Power,TRUE,Included in analysis
Test,og_eq_cb_1,BR131677,US465685AD77,6448460,Itc Holdings Corp,Bonds,TRUE,TRUE,Other,Other,NA,FALSE,Included in analysis
Test,og_eq_cb_1,BR164639,US575634AS94,129750,Massachusetts Electric Co,Bonds,TRUE,TRUE,Power,Power,Aviation + Power,TRUE,Included in analysis
Test,og_eq_cb_1,BR61003,US341081EP80,11055825,Florida Power & Light Co,Bonds,TRUE,TRUE,Power,Power,Power,TRUE,Included in analysis
Test,og_eq_cb_1,BR134370,US345397XU23,9394780,Ford Motor Credit Co Llc,Bonds,TRUE,TRUE,Automotive,Automotive,Automotive + Power,TRUE,Included in analysis
Test,og_eq_cb_1,BR506525,US90346WAB90,172651,Us Airways 2013-1b Ptt,Bonds,TRUE,TRUE,Aviation,Aviation,Aviation,TRUE,Included in analysis
Test,og_eq_cb_1,BR309554,US125896BP44,7166390,Cms Energy Corp,Bonds,TRUE,TRUE,Power,Power,Power,TRUE,Included in analysis
Test,og_eq_cb_1,BR133662,US59562VBD82,18233685,Berkshire Hathaway Energy Co,Bonds,TRUE,TRUE,Power,Power,Aviation + Coal + Oil&Gas + Power,TRUE,Included in analysis
Test,og_eq_cb_1,BR92255,US055451AQ16,1469775,Bhp Billiton Finance Usa Ltd,Bonds,TRUE,TRUE,Coal,Coal,Coal + Oil&Gas + Power,TRUE,Included in analysis
Test,og_eq_cb_1,BR283598,US092113AH28,17344483,Black Hills Corp,Bonds,TRUE,TRUE,Power,Power,Coal + Power,TRUE,Included in analysis
Test,og_eq_cb_1,BR421888,US910047AG49,1005904,United Airlines Holdings,Bonds,TRUE,TRUE,Aviation,Aviation,Aviation + Power,TRUE,Included in analysis
Test,og_eq_cb_1,BR30883,US013716AN50,19872798,Rio Tinto Alcan Inc,Bonds,TRUE,TRUE,Other,Other,Power + Shipping + Steel,FALSE,Included in analysis
Test,og_eq_cb_1,BR38479,US037735CV70,14427140,Appalachian Power Co,Bonds,TRUE,TRUE,Power,Power,Aviation + Coal + Power,TRUE,Included in analysis
Test,og_eq_cb_1,BR637056,US69352PAE34,81224,Ppl Capital Funding Inc,Bonds,TRUE,TRUE,Power,Power,Power,TRUE,Included in analysis
Test,og_eq_cb_1,BR600022,US878742AZ84,1731001,Teck Resources Ltd,Bonds,TRUE,TRUE,Other,Other,Coal + Oil&Gas + Power,FALSE,Included in analysis
Test,og_eq_cb_1,BR291102,US976657AL02,1022393,Wec Energy Group Inc,Bonds,TRUE,TRUE,Power,Power,Power,TRUE,Included in analysis
Test,og_eq_cb_1,BR551076,US268317AN46,521321,Electricite De France Sa,Bonds,TRUE,TRUE,Power,Power,Coal + Oil&Gas + Power + Shipping,TRUE,Included in analysis
Test,og_eq_cb_1,BR233457,US210518CT13,11229421,Consumers Energy Co,Bonds,TRUE,TRUE,Power,Power,Power,TRUE,Included in analysis
Test,og_eq_cb_1,BR383745,US737679DG22,12324102,Potomac Electric Power Co,Bonds,TRUE,TRUE,Power,Power,Aviation + Power,TRUE,Included in analysis
Test,og_eq_cb_1,BR7577,US15189XAN84,5815185,Centerpoint Ener Houston,Bonds,TRUE,TRUE,Power,Power,NA,FALSE,Included in analysis
Test,og_eq_cb_1,BR271797,US210371AL43,2130,Exelon Corp,Bonds,TRUE,TRUE,Power,Power,Aviation + Power,TRUE,Included in analysis
Test,og_eq_cb_1,BR148127,US30161NAQ43,20640245,Exelon Corp,Bonds,TRUE,TRUE,Power,Power,Aviation + Power,TRUE,Included in analysis
Test,og_eq_cb_1,BR396885,US29365PAP71,3058763,NA,Bonds,TRUE,TRUE,Power,Power,Aviation + Power,TRUE,Included in analysis
Test,og_eq_cb_1,BR621011,US26441CAS44,1912798,Duke Energy Corp,Bonds,TRUE,TRUE,Power,Power,Aviation + Oil&Gas + Power,TRUE,Included in analysis
Test,og_eq_cb_1,BR571863,US78412DAN93,5295333,Semco Energy Inc,Bonds,TRUE,TRUE,Other,Other,Oil&Gas + Power,FALSE,Included in analysis
Test,og_eq_cb_1,BR286399,US84474YAA47,3265613,Sw Airlines 07-1 Trust,Bonds,TRUE,TRUE,Aviation,Aviation,Aviation,TRUE,Included in analysis
Test,og_eq_cb_1,BR304847,US842400EB53,9576000,Southern Cal Edison,Bonds,TRUE,TRUE,Power,Power,Power,TRUE,Included in analysis
Test,og_eq_cb_1,BR595272,US842400FR96,1046413,Southern Cal Edison,Bonds,TRUE,TRUE,Power,Power,Power,TRUE,Included in analysis
Test,og_eq_cb_1,BR239661,US90933HAA32,747375,United Air 2016-1 B Ptt,Bonds,TRUE,TRUE,Aviation,Aviation,Aviation + Power,TRUE,Included in analysis
Test,og_eq_cb_1,BR311958,US455434BT65,18228000,Indianapolis Power & Light Co,Bonds,TRUE,TRUE,Power,Power,Coal + Power,TRUE,Included in analysis
Test,og_eq_cb_1,BR624507,US62940QAA31,89997,Nsg Holdings Llc/Nsg Hld,Bonds,TRUE,TRUE,Power,Power,NA,FALSE,Included in analysis
Test,og_eq_cb_1,BR110704,US842400GD91,1380020,Southern Cal Edison,Bonds,TRUE,TRUE,Power,Power,Power,TRUE,Included in analysis
Test,og_eq_cb_1,BR144798,US131347CF14,9450000,Calpine Corp,Bonds,TRUE,TRUE,Other,Other,Power,FALSE,Included in analysis
Test,og_eq_cb_1,BR508761,US69362BAY83,5214405,Pseg Power Llc,Bonds,TRUE,TRUE,Power,Power,Power,TRUE,Included in analysis
Test,og_eq_cb_1,BR579280,US880779AZ60,799872,Terex Corp,Bonds,TRUE,TRUE,Other,Other,NA,FALSE,Included in analysis
Test,og_eq_cb_1,BR615299,US341081FH55,210018,Florida Power & Light Co,Bonds,TRUE,TRUE,Power,Power,Power,TRUE,Included in analysis
Test,og_eq_cb_1,BR166582,US87305NAW83,4019810,NA,Bonds,TRUE,TRUE,Other,Other,NA,FALSE,Included in analysis
Test,og_eq_cb_1,BR240590,US233851CB85,5116695,Daimler Finance Na Llc,Bonds,TRUE,TRUE,Automotive,Automotive,Automotive + Power,TRUE,Included in analysis
Test,og_eq_cb_1,BR224896,US21079RAA05,1294606,Contl Airlines 2007-1,Bonds,TRUE,TRUE,Aviation,Aviation,Aviation + Power,TRUE,Included in analysis
Test,og_eq_cb_1,BR50142,US125896BK56,271783,Cms Energy Corp,Bonds,TRUE,TRUE,Power,Power,Power,TRUE,Included in analysis
Test,og_eq_cb_1,BR658298,US00130HBU86,765440,Aes Corp/The,Bonds,TRUE,TRUE,Power,Power,Coal + Power,TRUE,Included in analysis
Test,og_eq_cb_1,BR164728,XS0835676353,534080,Ntpc Ltd,Bonds,TRUE,TRUE,Power,Power,Coal + Power,TRUE,Included in analysis
Test,og_eq_cb_1,BR311191,US341099CH09,17150881,Duke Energy Florida Llc,Bonds,TRUE,TRUE,Power,Power,Aviation + Oil&Gas + Power,TRUE,Included in analysis
Test,og_eq_cb_1,BR546480,US842400FW81,10520440,Southern Cal Edison,Bonds,TRUE,TRUE,Power,Power,Power,TRUE,Included in analysis
Test,og_eq_cb_1,BR243734,US302570AW69,4606875,Nextera Energy Capital,Bonds,TRUE,TRUE,Power,Power,Power,TRUE,Included in analysis
Test,og_eq_cb_1,BR166954,US93884PDT49,8452850,Washington Gas Light Co,Bonds,TRUE,TRUE,Other,Other,Power,FALSE,Included in analysis
Test,og_eq_cb_1,BR58470,US142339AE06,185962,Carlisle Cos Inc,Bonds,TRUE,TRUE,Other,Other,Aviation,FALSE,Included in analysis
Test,og_eq_cb_1,BR342282,US02665WBT71,1240150,American Honda Finance Corp,Bonds,TRUE,TRUE,Automotive,Automotive,Automotive + Power,TRUE,Included in analysis
Test,og_eq_cb_1,BR214454,US202795JB74,8054060,Commonwealth Edison Co,Bonds,TRUE,TRUE,Power,Power,Aviation + Power,TRUE,Included in analysis
Test,og_eq_cb_1,BR22079,US35671DBL82,5083500,Freeport-Mcmoran Inc,Bonds,TRUE,TRUE,Other,Other,Oil&Gas + Power,FALSE,Included in analysis
Test,og_eq_cb_1,BR148216,US337932AH00,4149812,Firstenergy Corp,Bonds,TRUE,TRUE,Power,Power,Coal + Power,TRUE,Included in analysis
Test,og_eq_cb_1,BR191009,US30161MAG87,5863400,Exelon Generation Co Llc,Bonds,TRUE,TRUE,Power,Power,Aviation + Power,TRUE,Included in analysis
Test,og_eq_cb_1,BR30398,US491386AL26,16514891,Kentucky Power Co,Bonds,TRUE,TRUE,Power,Power,Aviation + Coal + Power,TRUE,Included in analysis
Test,og_eq_cb_1,BR369854,US247361ZL55,608085,Delta Air Lines Inc,Bonds,TRUE,TRUE,Aviation,Aviation,Aviation,TRUE,Included in analysis
Test,og_eq_cb_1,BR160890,US233851CU66,481002,Daimler Finance Na Llc,Bonds,TRUE,TRUE,Automotive,Automotive,Automotive + Power,TRUE,Included in analysis
Test,og_eq_cb_1,BR533810,US26442UAA25,8161392,Duke Energy Progress Llc,Bonds,TRUE,TRUE,Power,Power,Aviation + Oil&Gas + Power,TRUE,Included in analysis
Test,og_eq_cb_1,BR226094,US65339KAG58,5140666,Nextera Energy Capital,Bonds,TRUE,TRUE,Power,Power,Power,TRUE,Included in analysis
Test,og_eq_cb_1,BR144325,US31428XBC92,13227423,Fedex Corp,Bonds,TRUE,TRUE,Other,Other,Aviation,FALSE,Included in analysis
Test,og_eq_cb_1,BR145650,US83416WAA18,42154231,Solar Star Funding Llc,Bonds,TRUE,TRUE,Power,Power,Aviation + Coal + Oil&Gas + Power,TRUE,Included in analysis
Test,og_eq_cb_1,BR224846,US010392EC80,2437700,Alabama Power Co,Bonds,TRUE,TRUE,Power,Power,Power,TRUE,Included in analysis
Test,og_eq_cb_1,BR526962,US86723CAF59,78375,Suncoke Enrgy Part Lp/Fi,Bonds,TRUE,TRUE,Coal,Coal,NA,FALSE,Included in analysis
Test,og_eq_cb_1,BR620327,US202795JF88,86539,Commonwealth Edison Co,Bonds,TRUE,TRUE,Power,Power,Aviation + Power,TRUE,Included in analysis
Test,og_eq_cb_1,BR218407,US185508AG32,12393669,Cleco Power Llc,Bonds,TRUE,TRUE,Power,Power,Power,TRUE,Included in analysis
Test,og_eq_cb_1,BR321391,US745332CC86,867342,Puget Sound Energy Inc,Bonds,TRUE,TRUE,Power,Power,Aviation + Power,TRUE,Included in analysis
Test,og_eq_cb_1,BR418464,US816851AU37,2092010,Sempra Energy,Bonds,TRUE,TRUE,Power,Power,Coal + Power,TRUE,Included in analysis
Test,og_eq_cb_1,BR222439,US453258AP01,102150,Vale Canada Ltd,Bonds,TRUE,TRUE,Steel,Steel,Aviation + Coal + Power + Shipping,FALSE,Included in analysis
Test,og_eq_cb_1,BR335296,US91911TAP84,3475500,Vale Overseas Ltd,Bonds,TRUE,TRUE,Steel,Steel,Aviation + Coal + Power + Shipping,FALSE,Included in analysis
Test,og_eq_cb_1,BR238738,US210518DA13,10842070,Consumers Energy Co,Bonds,TRUE,TRUE,Power,Power,Power,TRUE,Included in analysis
Test,og_eq_cb_1,BR399381,US929160AS87,23252766,Vulcan Materials Co,Bonds,TRUE,TRUE,Cement,Cement,Aviation + Power,FALSE,Included in analysis
Test,og_eq_cb_1,BR372354,US008911AZ26,335194,Air Canada,Bonds,TRUE,TRUE,Aviation,Aviation,Aviation,TRUE,Included in analysis
Test,og_eq_cb_1,BR123227,US694308HD23,1095989,Pacific Gas & Electric Co,Bonds,TRUE,TRUE,Power,Power,Aviation + Coal + Power,TRUE,Included in analysis
Test,og_eq_cb_1,BR279229,US05565EAT29,8103016,Bmw Us Capital Llc,Bonds,TRUE,TRUE,Automotive,Automotive,Automotive + Power,TRUE,Included in analysis
Test,og_eq_cb_1,BR153023,US927804FY56,1552845,Virginia Elec & Power Co,Bonds,TRUE,TRUE,Power,Power,Power,TRUE,Included in analysis
Test,og_eq_cb_1,BR114516,US976656CG16,1091060,Wisconsin Electric Power Co,Bonds,TRUE,TRUE,Power,Power,Power,TRUE,Included in analysis
Test,og_eq_cb_1,BR186304,US341099CL11,4222110,Duke Energy Florida Llc,Bonds,TRUE,TRUE,Power,Power,Aviation + Oil&Gas + Power,TRUE,Included in analysis
Test,og_eq_cb_1,BR447043,US845437BP68,1926181,Southwestern Elec Power,Bonds,TRUE,TRUE,Power,Power,Aviation + Coal + Power,TRUE,Included in analysis
Test,og_eq_cb_1,BR287489,US345370CR99,13211235,NA,Bonds,TRUE,TRUE,Automotive,Automotive,Automotive + Power,TRUE,Included in analysis
Test,og_eq_cb_1,BR103169,US233851CK84,3437198,Daimler Finance Na Llc,Bonds,TRUE,TRUE,Automotive,Automotive,Automotive + Power,TRUE,Included in analysis
Test,og_eq_cb_1,BR163896,US23334BAA26,26501403,NA,Bonds,TRUE,TRUE,Power,Power,NA,FALSE,Included in analysis
Test,og_eq_cb_1,BR122989,US976826BE63,10165935,Wisconsin Power & Light Co,Bonds,TRUE,TRUE,Power,Power,Power,TRUE,Included in analysis
Test,og_eq_cb_1,BR125950,US491674BG15,803095,Kentucky Utilities Co,Bonds,TRUE,TRUE,Power,Power,Power,TRUE,Included in analysis
Test,og_eq_cb_1,BR203121,US841215AA48,13248262,Southaven Cmbd Cycle Gen,Bonds,TRUE,TRUE,Power,Power,NA,FALSE,Included in analysis
Test,og_eq_cb_1,BR194203,US231021AQ97,21189603,Cummins Inc,Bonds,TRUE,TRUE,Automotive,Automotive,Aviation + Power,FALSE,Included in analysis
Test,og_eq_cb_1,BR142519,US889175BE40,295351,Toledo Edison Co/The,Bonds,TRUE,TRUE,Power,Power,Coal + Power,TRUE,Included in analysis
Test,og_eq_cb_1,BR117037,US202795JD31,5888000,Commonwealth Edison Co,Bonds,TRUE,TRUE,Power,Power,Aviation + Power,TRUE,Included in analysis
Test,og_eq_cb_1,BR154672,US465685AK11,6959960,Itc Holdings Corp,Bonds,TRUE,TRUE,Other,Other,NA,FALSE,Included in analysis
Test,og_eq_cb_1,BR362474,US737679DD90,5050300,Potomac Electric Power Co,Bonds,TRUE,TRUE,Power,Power,Aviation + Power,TRUE,Included in analysis
Test,og_eq_cb_1,BR462874,US29365PAP71,3522349,NA,Bonds,TRUE,TRUE,Power,Power,Aviation + Power,TRUE,Included in analysis
Test,og_eq_cb_1,BR87866,US693304AV99,1026533,Peco Energy Co,Bonds,TRUE,TRUE,Power,Power,Aviation + Power,TRUE,Included in analysis
Test,og_eq_cb_1,BR541736,US00908PAA57,918825,Air Canada 2017-1aa Ptt,Bonds,TRUE,TRUE,Aviation,Aviation,Aviation,TRUE,Included in analysis
Test,og_eq_cb_1,BR170848,US465685AK11,994061,Itc Holdings Corp,Bonds,TRUE,TRUE,Other,Other,NA,FALSE,Included in analysis
Test,og_eq_cb_1,BR124682,US040555CP79,11399910,Arizona Public Service Co,Bonds,TRUE,TRUE,Power,Power,Power,TRUE,Included in analysis
Test,og_eq_cb_1,BR25075,US87305NAV01,1646807,NA,Bonds,TRUE,TRUE,Other,Other,NA,FALSE,Included in analysis
Test,og_eq_cb_1,BR408177,US001546AT71,606200,Ak Steel Corp,Bonds,TRUE,TRUE,Steel,Steel,Aviation + Coal + Steel,TRUE,Included in analysis
Test,og_eq_cb_1,BR403063,US95709TAJ97,1080837,Evergy Kansas Central Inc,Bonds,TRUE,TRUE,Power,Power,Power,TRUE,Included in analysis
Test,og_eq_cb_1,BR388340,US35671DBJ37,6229136,Freeport-Mcmoran Inc,Bonds,TRUE,TRUE,Other,Other,Oil&Gas + Power,FALSE,Included in analysis
Test,og_eq_cb_1,BR525136,US345370CQ17,177328,NA,Bonds,TRUE,TRUE,Automotive,Automotive,Automotive + Power,TRUE,Included in analysis
Test,og_eq_cb_1,BR159328,US74456QBN51,13659557,Public Service Electric & Gas,Bonds,TRUE,TRUE,Power,Power,Power,TRUE,Included in analysis
Test,og_eq_cb_1,BR157850,US976826BJ50,352262,Wisconsin Power & Light Co,Bonds,TRUE,TRUE,Power,Power,Power,TRUE,Included in analysis
Test,og_eq_cb_1,BR500481,US87305QCK58,996160,NA,Bonds,TRUE,TRUE,Other,Other,NA,FALSE,Included in analysis
Test,og_eq_cb_1,BR171167,XS0982861287,531875,Mmc Norilsk (Mmc Fin),Bonds,TRUE,TRUE,Steel,Steel,Aviation + Oil&Gas + Power,FALSE,Included in analysis
Test,og_eq_cb_1,BR579280,US858119BD11,799872,Steel Dynamics Inc,Bonds,TRUE,TRUE,Steel,Steel,Aviation + Steel,TRUE,Included in analysis
Test,og_eq_cb_1,BR644790,US202795JG61,213830,Commonwealth Edison Co,Bonds,TRUE,TRUE,Power,Power,Aviation + Power,TRUE,Included in analysis
Test,og_eq_cb_1,BR660042,US233851CZ53,1452577,Daimler Finance Na Llc,Bonds,TRUE,TRUE,Automotive,Automotive,Automotive + Power,TRUE,Included in analysis
Test,og_eq_cb_1,BR141353,US02361DAQ34,606010,Ameren Illinois Co,Bonds,TRUE,TRUE,Power,Power,Power,TRUE,Included in analysis
Test,og_eq_cb_1,BR437866,US670346AL99,1327625,Nucor Corp,Bonds,TRUE,TRUE,Steel,Steel,Steel,TRUE,Included in analysis
Test,og_eq_cb_1,BR665748,US31428XBA37,50794,Fedex Corp,Bonds,TRUE,TRUE,Other,Other,Aviation,FALSE,Included in analysis
Test,og_eq_cb_1,BR502464,US055451AV01,190037,Bhp Billiton Finance Usa Ltd,Bonds,TRUE,TRUE,Coal,Coal,Coal + Oil&Gas + Power,TRUE,Included in analysis
Test,og_eq_cb_1,BR513076,US144141DC90,126151,Duke Energy Progress Llc,Bonds,TRUE,TRUE,Power,Power,Aviation + Oil&Gas + Power,TRUE,Included in analysis
Test,og_eq_cb_1,BR391960,US341081FM41,2044825,Florida Power & Light Co,Bonds,TRUE,TRUE,Power,Power,Power,TRUE,Included in analysis
Test,og_eq_cb_1,BR10136,US743263AP08,11488831,Progress Energy Inc,Bonds,TRUE,TRUE,Power,Power,Aviation + Oil&Gas + Power,TRUE,Included in analysis
Test,og_eq_cb_1,BR489500,US380956AD47,256663,Goldcorp Inc,Bonds,TRUE,TRUE,Other,Other,NA,FALSE,Included in analysis
Test,og_eq_cb_1,BR321426,US341081ES20,10010960,Florida Power & Light Co,Bonds,TRUE,TRUE,Power,Power,Power,TRUE,Included in analysis
Test,og_eq_cb_1,BR1013,US629377CC47,396563,Nrg Energy Inc,Bonds,TRUE,TRUE,Power,Power,Power,TRUE,Included in analysis
Test,og_eq_cb_1,BR163801,US37045VAJ98,19088870,General Motors Co,Bonds,TRUE,TRUE,Automotive,Automotive,Automotive + Power,TRUE,Included in analysis
Test,og_eq_cb_1,BR432404,US02376GAA40,9303731,Amer Airline 16-2 B Ptt,Bonds,TRUE,TRUE,Aviation,Aviation,Aviation,TRUE,Included in analysis
Test,og_eq_cb_1,BR156988,US43475DAA54,18225999,Holcim Capital Corp,Bonds,TRUE,TRUE,Cement,Cement,Cement + Coal + Power + Shipping,TRUE,Included in analysis
Test,og_eq_cb_1,BR650565,US440543AQ93,355950,Hornbeck Offshore Serv,Bonds,TRUE,TRUE,Shipping,Shipping,NA,FALSE,Included in analysis
Test,og_eq_cb_1,BR186601,US845437BM38,4106800,Southwestern Elec Power,Bonds,TRUE,TRUE,Power,Power,Aviation + Coal + Power,TRUE,Included in analysis
Test,og_eq_cb_1,BR5954,US59562HAJ77,15519724,Midamerican Funding Llc,Bonds,TRUE,TRUE,Power,Power,Aviation + Coal + Oil&Gas + Power,TRUE,Included in analysis
Test,og_eq_cb_1,BR576148,US247361ZJ00,752786,Delta Air Lines Inc,Bonds,TRUE,TRUE,Aviation,Aviation,Aviation,TRUE,Included in analysis
Test,og_eq_cb_1,BR169651,US268317AC80,52062436,Electricite De France Sa,Bonds,TRUE,TRUE,Power,Power,Coal + Oil&Gas + Power + Shipping,TRUE,Included in analysis
Test,og_eq_cb_1,BR150792,US878744AB72,1980000,Teck Resources Ltd,Bonds,TRUE,TRUE,Other,Other,Coal + Oil&Gas + Power,FALSE,Included in analysis
Test,og_eq_cb_1,BR339643,US90932PAB40,3213329,United Air 2014-1 B Ptt,Bonds,TRUE,TRUE,Aviation,Aviation,Aviation + Power,TRUE,Included in analysis
Test,og_eq_cb_1,BR570990,US210518CT13,4293775,Consumers Energy Co,Bonds,TRUE,TRUE,Power,Power,Power,TRUE,Included in analysis
Test,og_eq_cb_1,BR421163,US927804FV18,4951950,Virginia Elec & Power Co,Bonds,TRUE,TRUE,Power,Power,Power,TRUE,Included in analysis
Test,og_eq_cb_1,BR126551,US040555CT91,727591,Arizona Public Service Co,Bonds,TRUE,TRUE,Power,Power,Power,TRUE,Included in analysis
Test,og_eq_cb_1,BR21984,US233331AZ06,1546965,Dte Energy Co,Bonds,TRUE,TRUE,Power,Power,Power,TRUE,Included in analysis
Test,og_eq_cb_1,BR404067,US37045XCD66,29939,General Motors Finl Co,Bonds,TRUE,TRUE,Automotive,Automotive,Automotive + Power,TRUE,Included in analysis
Test,og_eq_cb_1,BR274780,US21079VAA17,128217,Contl Airlines 2010-A,Bonds,TRUE,TRUE,Aviation,Aviation,Aviation + Power,TRUE,Included in analysis
Test,og_eq_cb_1,BR59248,US670346AN55,5999650,Nucor Corp,Bonds,TRUE,TRUE,Steel,Steel,Steel,TRUE,Included in analysis
Test,og_eq_cb_1,BR3827,US209111FC20,10549999,Con Edison Co Of Ny Inc,Bonds,TRUE,TRUE,Power,Power,Power,TRUE,Included in analysis
Test,og_eq_cb_1,BR495966,US98389BAS97,7947040,Xcel Energy Inc,Bonds,TRUE,TRUE,Power,Power,Power,TRUE,Included in analysis
Test,og_eq_cb_1,BR155523,US345397WF64,18350341,Ford Motor Credit Co Llc,Bonds,TRUE,TRUE,Automotive,Automotive,Automotive + Power,TRUE,Included in analysis
Test,og_eq_cb_1,BR591095,US25746UCR86,549137,Dominion Energy Inc,Bonds,TRUE,TRUE,Power,Power,Power,TRUE,Included in analysis
Test,og_eq_cb_1,BR323295,US03938LAS34,482694,Arcelormittal,Bonds,TRUE,TRUE,Steel,Steel,Coal + Power + Shipping + Steel,TRUE,Included in analysis
Test,og_eq_cb_1,BR240295,US89236TDU60,1991948,Toyota Motor Credit Corp,Bonds,TRUE,TRUE,Automotive,Automotive,Automotive + Aviation + Power,TRUE,Included in analysis
Test,og_eq_cb_1,BR31013,US74456QAR74,65190,Public Service Electric & Gas,Bonds,TRUE,TRUE,Power,Power,Power,TRUE,Included in analysis
Test,og_eq_cb_1,BR123217,US927804FY56,10385980,Virginia Elec & Power Co,Bonds,TRUE,TRUE,Power,Power,Power,TRUE,Included in analysis
Test,og_eq_cb_1,BR176021,US71647XAA54,6228048,Pampa Energia Sa,Bonds,TRUE,TRUE,Power,Power,Oil&Gas + Power,TRUE,Included in analysis
Test,og_eq_cb_1,BR191509,US87305QCM15,17505750,NA,Bonds,TRUE,TRUE,Other,Other,NA,FALSE,Included in analysis
Test,og_eq_cb_1,BR225417,US929160AV17,5105050,Vulcan Materials Co,Bonds,TRUE,TRUE,Cement,Cement,Aviation + Power,FALSE,Included in analysis
Test,og_eq_cb_1,BR203450,US927804FQ23,2359400,Virginia Elec & Power Co,Bonds,TRUE,TRUE,Power,Power,Power,TRUE,Included in analysis
Test,og_eq_cb_1,BR508213,US89566EAG35,11810109,Tristate Gen&Trans Assn,Bonds,TRUE,TRUE,Power,Power,Coal + Power,TRUE,Included in analysis
Test,og_eq_cb_1,BR295969,US055451AX66,4903878,Bhp Billiton Finance Usa Ltd,Bonds,TRUE,TRUE,Coal,Coal,Coal + Oil&Gas + Power,TRUE,Included in analysis
Test,og_eq_cb_1,BR710,US87422VAB45,76875,Talen Energy Supply Llc,Bonds,TRUE,TRUE,Power,Power,Power,TRUE,Included in analysis
Test,og_eq_cb_1,BR259500,US93936KBL26,2365800,Puget Sound Energy Inc,Bonds,TRUE,TRUE,Power,Power,Aviation + Power,TRUE,Included in analysis
Test,og_eq_cb_1,BR307051,US00130HBU86,1957213,Aes Corp/The,Bonds,TRUE,TRUE,Power,Power,Coal + Power,TRUE,Included in analysis
Test,og_eq_cb_1,BR96189,US50188FAD78,3095130,Lg&E & Ku Energy Llc,Bonds,TRUE,TRUE,Power,Power,Power,TRUE,Included in analysis
Test,og_eq_cb_1,BR159491,US797440BM51,29141275,San Diego G & E,Bonds,TRUE,TRUE,Power,Power,Coal + Power,TRUE,Included in analysis
Test,og_eq_cb_1,BR193592,US341081FJ12,19547502,Florida Power & Light Co,Bonds,TRUE,TRUE,Power,Power,Power,TRUE,Included in analysis
Test,og_eq_cb_1,BR157030,US210518CU85,15917220,Consumers Energy Co,Bonds,TRUE,TRUE,Power,Power,Power,TRUE,Included in analysis
Test,og_eq_cb_1,BR197974,US65473QBB86,23699732,Nisource Inc,Bonds,TRUE,TRUE,Other,Other,Power,FALSE,Included in analysis
Test,og_eq_cb_1,BR174005,US055451AR98,53944000,Bhp Billiton Finance Usa Ltd,Bonds,TRUE,TRUE,Coal,Coal,Coal + Oil&Gas + Power,TRUE,Included in analysis
Test,og_eq_cb_1,BR225490,US976843BH44,2191424,Wisconsin Public Service Corp,Bonds,TRUE,TRUE,Power,Power,Power,TRUE,Included in analysis
Test,og_eq_cb_1,BR260028,US009090AA91,2766759,Air Canada 2015-1a Ptt,Bonds,TRUE,TRUE,Aviation,Aviation,Aviation,TRUE,Included in analysis
Test,og_eq_cb_1,BR93690,US28932MAA36,7172806,Elm Rd Generating Stat,Bonds,TRUE,TRUE,Power,Power,Power,TRUE,Included in analysis
Test,og_eq_cb_1,BR309859,US210805DD61,2577438,Contl Airlines 2000-2,Bonds,TRUE,TRUE,Aviation,Aviation,Aviation + Power,TRUE,Included in analysis
Test,og_eq_cb_1,BR270704,US677050AK26,1047,Oglethorpe Power Corp,Bonds,TRUE,TRUE,Power,Power,Aviation + Power,TRUE,Included in analysis
Test,og_eq_cb_1,BR24997,US378272AF53,18643500,Glencore Funding Llc,Bonds,TRUE,TRUE,Coal,Coal,Aviation + Coal + Oil&Gas + Power + Shipping,TRUE,Included in analysis
Test,og_eq_cb_1,BR43332,US837004BZ25,6151981,Dominion Energy South,Bonds,TRUE,TRUE,Power,Power,Power,TRUE,Included in analysis
Test,og_eq_cb_1,BR293307,US76720AAG13,3217833,Rio Tinto Finance Usa Plc,Bonds,TRUE,TRUE,Steel,Steel,Power + Shipping + Steel,TRUE,Included in analysis
Test,og_eq_cb_1,BR293283,US74836HAD98,34744770,Questar Pipeline Llc,Bonds,TRUE,TRUE,Other,Other,NA,FALSE,Included in analysis
Test,og_eq_cb_1,BR562890,US0010EPAN89,4182840,Aep Texas Inc,Bonds,TRUE,TRUE,Power,Power,Aviation + Coal + Power,TRUE,Included in analysis
Test,og_eq_cb_1,BR627960,US02377UAB08,4352130,American Airlines 2013-2,Bonds,TRUE,TRUE,Aviation,Aviation,Aviation,TRUE,Included in analysis
Test,og_eq_cb_1,BR238114,US373334JR32,3004850,NA,Bonds,TRUE,TRUE,Power,Power,Power,TRUE,Included in analysis
Test,og_eq_cb_1,BR239805,US575634AS94,13193350,Massachusetts Electric Co,Bonds,TRUE,TRUE,Power,Power,Aviation + Power,TRUE,Included in analysis
Test,og_eq_cb_1,BR454159,US26441CAP05,173352,Duke Energy Corp,Bonds,TRUE,TRUE,Power,Power,Aviation + Oil&Gas + Power,TRUE,Included in analysis
Test,og_eq_cb_1,BR55693,US88104LAE39,6925730,Terraform Power Operating Llc,Bonds,TRUE,TRUE,Other,Other,Power,FALSE,Included in analysis
Test,og_eq_cb_1,BR316735,US02377UAB08,155813,American Airlines 2013-2,Bonds,TRUE,TRUE,Aviation,Aviation,Aviation,TRUE,Included in analysis
Test,og_eq_cb_1,BR42648,US04775HAK32,11795650,Atlanta Gas Light Co,Bonds,TRUE,TRUE,Other,Other,Power,FALSE,Included in analysis
Test,og_eq_cb_1,BR13338,US013716AU93,5091532,Rio Tinto Alcan Inc,Bonds,TRUE,TRUE,Other,Other,Power + Shipping + Steel,FALSE,Included in analysis
Test,og_eq_cb_1,BR380957,US26441CAS44,205946,Duke Energy Corp,Bonds,TRUE,TRUE,Power,Power,Aviation + Oil&Gas + Power,TRUE,Included in analysis
Test,og_eq_cb_1,BR283572,US842400FW81,3946904,Southern Cal Edison,Bonds,TRUE,TRUE,Power,Power,Power,TRUE,Included in analysis
Test,og_eq_cb_1,BR140528,US29103DAM83,1039158,NA,Bonds,TRUE,TRUE,Power,Power,Power,TRUE,Included in analysis
Test,og_eq_cb_1,BR235916,CA90664ZAD20,44689,Enbridge Gas Inc,Bonds,TRUE,TRUE,Other,Other,NA,FALSE,Included in analysis
Test,og_eq_cb_1,BR602705,US023764AA14,961509,Amern Airline 16-2 A Ptt,Bonds,TRUE,TRUE,Aviation,Aviation,Aviation,TRUE,Included in analysis
Test,og_eq_cb_1,BR212947,US694308HP52,9224766,Pacific Gas & Electric Co,Bonds,TRUE,TRUE,Power,Power,Aviation + Coal + Power,TRUE,Included in analysis
Test,og_eq_cb_1,BR201198,US797440BR49,29693706,San Diego G & E,Bonds,TRUE,TRUE,Power,Power,Coal + Power,TRUE,Included in analysis
Test,og_eq_cb_1,BR646896,US629377CD20,166650,Nrg Energy Inc,Bonds,TRUE,TRUE,Power,Power,Power,TRUE,Included in analysis
Test,og_eq_cb_1,BR250718,US172070CP76,3515910,Duke Energy Ohio Inc,Bonds,TRUE,TRUE,Power,Power,Aviation + Oil&Gas + Power,TRUE,Included in analysis
Test,og_eq_cb_1,BR279840,US66765RBX35,15781485,Northwest Natural Gas Co,Bonds,TRUE,TRUE,Other,Other,NA,FALSE,Included in analysis
Test,og_eq_cb_1,BR412467,US87900YAA10,204500,Teekay Corp,Bonds,TRUE,TRUE,Shipping,Shipping,Shipping,TRUE,Included in analysis
Test,og_eq_cb_1,BR72853,US37045XBD75,107791,General Motors Finl Co,Bonds,TRUE,TRUE,Automotive,Automotive,Automotive + Power,TRUE,Included in analysis
Test,og_eq_cb_1,BR228940,US341081FE25,12909659,Florida Power & Light Co,Bonds,TRUE,TRUE,Power,Power,Power,TRUE,Included in analysis
Test,og_eq_cb_1,BR93951,US595620AB14,9315265,Midamerican Energy Co,Bonds,TRUE,TRUE,Power,Power,Aviation + Coal + Oil&Gas + Power,TRUE,Included in analysis
Test,og_eq_cb_1,BR121721,US37045VAF76,8756787,General Motors Co,Bonds,TRUE,TRUE,Automotive,Automotive,Automotive + Power,TRUE,Included in analysis
Test,og_eq_cb_1,BR273656,US797440BF01,7315546,San Diego G & E,Bonds,TRUE,TRUE,Power,Power,Coal + Power,TRUE,Included in analysis
Test,og_eq_cb_1,BR402365,US419838AA57,1956817,Hawaiian Airlines 13-1a,Bonds,TRUE,TRUE,Aviation,Aviation,Aviation,TRUE,Included in analysis
Test,og_eq_cb_1,BR197318,US69352PAL76,489370,Ppl Capital Funding Inc,Bonds,TRUE,TRUE,Power,Power,Power,TRUE,Included in analysis
Test,og_eq_cb_1,BR607993,US247361ZJ00,172938,Delta Air Lines Inc,Bonds,TRUE,TRUE,Aviation,Aviation,Aviation,TRUE,Included in analysis
Test,og_eq_cb_1,BR487494,US743263AE50,3989031,Progress Energy Inc,Bonds,TRUE,TRUE,Power,Power,Aviation + Oil&Gas + Power,TRUE,Included in analysis
Test,og_eq_cb_1,BR309852,US837004CF51,36660754,Dominion Energy South,Bonds,TRUE,TRUE,Power,Power,Power,TRUE,Included in analysis
Test,og_eq_cb_1,BR172153,US210805DH75,1646325,Contl Airlines 2001-1,Bonds,TRUE,TRUE,Aviation,Aviation,Aviation + Power,TRUE,Included in analysis
Test,og_eq_cb_1,BR242275,US841215AA48,6292895,Southaven Cmbd Cycle Gen,Bonds,TRUE,TRUE,Power,Power,NA,FALSE,Included in analysis
Test,og_eq_cb_1,BR111032,US210518CT13,1262300,Consumers Energy Co,Bonds,TRUE,TRUE,Power,Power,Power,TRUE,Included in analysis
Test,og_eq_cb_1,BR88173,US575634AS94,10818547,Massachusetts Electric Co,Bonds,TRUE,TRUE,Power,Power,Aviation + Power,TRUE,Included in analysis
Test,og_eq_cb_1,BR237631,US247109BR13,19057490,Delmarva Pwr & Light Co,Bonds,TRUE,TRUE,Power,Power,Aviation + Power,TRUE,Included in analysis
Test,og_eq_cb_1,BR287873,US247361ZL55,2018483,Delta Air Lines Inc,Bonds,TRUE,TRUE,Aviation,Aviation,Aviation,TRUE,Included in analysis
Test,og_eq_cb_1,BR395922,US69351UAP84,508925,Ppl Electric Utilities Corp,Bonds,TRUE,TRUE,Power,Power,Power,TRUE,Included in analysis
Test,og_eq_cb_1,BR442884,US023770AB64,3809362,Amer Airln 15-1 B Ptt,Bonds,TRUE,TRUE,Aviation,Aviation,Aviation,TRUE,Included in analysis
Test,og_eq_cb_1,BR516889,US233851AF18,1169782,Daimler Finance Na Llc,Bonds,TRUE,TRUE,Automotive,Automotive,Automotive + Power,TRUE,Included in analysis
Test,og_eq_cb_1,BR548173,US290876AD37,478125,Emera Inc,Bonds,TRUE,TRUE,Power,Power,Power,TRUE,Included in analysis
Test,og_eq_cb_1,BR606945,US02665WAZ41,401304,American Honda Finance Corp,Bonds,TRUE,TRUE,Automotive,Automotive,Automotive + Power,TRUE,Included in analysis
Test,og_eq_cb_1,BR227358,US677050AK26,10483304,Oglethorpe Power Corp,Bonds,TRUE,TRUE,Power,Power,Aviation + Power,TRUE,Included in analysis
Test,og_eq_cb_1,BR205289,US30040WAD02,16870630,Eversource Energy,Bonds,TRUE,TRUE,Power,Power,Power,TRUE,Included in analysis
Test,og_eq_cb_1,BR140624,US842587CX39,3032400,Southern Co,Bonds,TRUE,TRUE,Power,Power,Power,TRUE,Included in analysis
Test,og_eq_cb_1,BR307051,US912909AM02,1957213,United States Steel Corp,Bonds,TRUE,TRUE,Steel,Steel,Aviation + Power + Steel,TRUE,Included in analysis
Test,og_eq_cb_1,BR152211,US209111EQ25,15097560,Con Edison Co Of Ny Inc,Bonds,TRUE,TRUE,Power,Power,Power,TRUE,Included in analysis
Test,og_eq_cb_1,BR335620,US29103DAF33,11697436,NA,Bonds,TRUE,TRUE,Power,Power,Power,TRUE,Included in analysis
Test,og_eq_cb_1,BR305590,US84489PAC23,15894338,Southwest Gas Corp,Bonds,TRUE,TRUE,Other,Other,Aviation,FALSE,Included in analysis
Test,og_eq_cb_1,BR262543,US605417BZ68,3910265,Mississippi Power Co,Bonds,TRUE,TRUE,Power,Power,Power,TRUE,Included in analysis
Test,og_eq_cb_1,BR286125,US26876FAA03,21707200,Enn Energy Holdings Ltd,Bonds,TRUE,TRUE,Other,Other,Power,FALSE,Included in analysis
Test,og_eq_cb_1,BR236957,US29364WAM01,5965934,NA,Bonds,TRUE,TRUE,Power,Power,Aviation + Power,TRUE,Included in analysis
Test,og_eq_cb_1,BR542285,US78355HKD07,444100,Ryder System Inc,Bonds,TRUE,TRUE,Other,Other,NA,FALSE,Included in analysis
Test,og_eq_cb_1,BR35623,US26442EAE05,24218740,Duke Energy Ohio Inc,Bonds,TRUE,TRUE,Power,Power,Aviation + Oil&Gas + Power,TRUE,Included in analysis
Test,og_eq_cb_1,BR344104,US26817RBA59,1248,Vistra Energy Corp,Bonds,TRUE,TRUE,Other,Other,Coal + Power,FALSE,Included in analysis
Test,og_eq_cb_1,BR426069,US233851CS11,1507096,Daimler Finance Na Llc,Bonds,TRUE,TRUE,Automotive,Automotive,Automotive + Power,TRUE,Included in analysis
Test,og_eq_cb_1,BR249989,US233835AQ08,10582600,Daimler Finance Na Llc,Bonds,TRUE,TRUE,Automotive,Automotive,Automotive + Power,TRUE,Included in analysis
Test,og_eq_cb_1,BR624105,US398433AH55,976752,NA,Bonds,TRUE,TRUE,Other,Other,NA,FALSE,Included in analysis
Test,og_eq_cb_1,BR157521,US842400FH15,40194364,Southern Cal Edison,Bonds,TRUE,TRUE,Power,Power,Power,TRUE,Included in analysis
Test,og_eq_cb_1,BR193946,US89233P4C77,11482764,Toyota Motor Credit Corp,Bonds,TRUE,TRUE,Automotive,Automotive,Automotive + Aviation + Power,TRUE,Included in analysis
Test,og_eq_cb_1,BR433797,US595620AK13,3286773,Midamerican Energy Co,Bonds,TRUE,TRUE,Power,Power,Aviation + Coal + Oil&Gas + Power,TRUE,Included in analysis
Test,og_eq_cb_1,BR362952,US228027AA61,11993388,Vessel Management Services Inc,Bonds,TRUE,TRUE,Shipping,Shipping,NA,FALSE,Included in analysis
Test,og_eq_cb_1,BR124814,US69351UAR41,9536208,Ppl Electric Utilities Corp,Bonds,TRUE,TRUE,Power,Power,Power,TRUE,Included in analysis
Test,og_eq_cb_1,BR91618,US842400FQ14,929367,Southern Cal Edison,Bonds,TRUE,TRUE,Power,Power,Power,TRUE,Included in analysis
Test,og_eq_cb_1,BR53539,US744482BK54,1044170,Pub Svc New Hamp,Bonds,TRUE,TRUE,Power,Power,Power,TRUE,Included in analysis
Test,og_eq_cb_1,BR310981,US233851BW32,7108639,Daimler Finance Na Llc,Bonds,TRUE,TRUE,Automotive,Automotive,Automotive + Power,TRUE,Included in analysis
Test,og_eq_cb_1,BR664377,US233851CY88,895131,Daimler Finance Na Llc,Bonds,TRUE,TRUE,Automotive,Automotive,Automotive + Power,TRUE,Included in analysis
Test,og_eq_cb_1,BR683957,US70457LAA26,10413,Peabody Energy Corp,Bonds,TRUE,TRUE,Coal,Coal,Aviation + Coal,TRUE,Included in analysis
Test,og_eq_cb_1,BR17309,US11042BAA08,2037862,British Air 13-1 B Ptt,Bonds,TRUE,TRUE,Aviation,Aviation,Aviation,TRUE,Included in analysis
Test,og_eq_cb_1,BR213654,US067901AA64,9770835,Barrick Gold Corp,Bonds,TRUE,TRUE,Other,Other,Aviation + Power,FALSE,Included in analysis
Test,og_eq_cb_1,BR184988,US31428XBD75,9244441,Fedex Corp,Bonds,TRUE,TRUE,Other,Other,Aviation,FALSE,Included in analysis
Test,og_eq_cb_1,BR303614,US023767AA45,402579,Amer Airln Pt Trs 11-1,Bonds,TRUE,TRUE,Aviation,Aviation,Aviation,TRUE,Included in analysis
Test,og_eq_cb_1,BR217947,US690742AB73,23603589,Owens Corning,Bonds,TRUE,TRUE,Other,Other,NA,FALSE,Included in analysis
Test,og_eq_cb_1,BR289242,XS1372846003,10302000,Ntpc Ltd,Bonds,TRUE,TRUE,Power,Power,Coal + Power,TRUE,Included in analysis
Test,og_eq_cb_1,BR283570,US844895AX00,16947200,Southwest Gas Corp,Bonds,TRUE,TRUE,Other,Other,Aviation,FALSE,Included in analysis
Test,og_eq_cb_1,BR116524,US49337WAJ99,16006251,National Grid Usa,Bonds,TRUE,TRUE,Power,Power,Aviation + Power,TRUE,Included in analysis
Test,og_eq_cb_1,BR267213,US24736XAA63,9482995,Delta Air Lines 2015-1aa,Bonds,TRUE,TRUE,Aviation,Aviation,Aviation,TRUE,Included in analysis
Test,og_eq_cb_1,BR344573,US30161NAV38,5433600,Exelon Corp,Bonds,TRUE,TRUE,Power,Power,Aviation + Power,TRUE,Included in analysis
Test,og_eq_cb_1,BR42404,US29365TAE47,9926480,Entergy Texas Inc,Bonds,TRUE,TRUE,Power,Power,Aviation + Power,TRUE,Included in analysis
Test,og_eq_cb_1,BR145629,US209111FH17,15622005,Con Edison Co Of Ny Inc,Bonds,TRUE,TRUE,Power,Power,Power,TRUE,Included in analysis
Test,og_eq_cb_1,BR224278,US745332CD69,5205880,Puget Sound Energy Inc,Bonds,TRUE,TRUE,Power,Power,Aviation + Power,TRUE,Included in analysis
Test,og_eq_cb_1,BR255375,US797440BV50,526230,San Diego G & E,Bonds,TRUE,TRUE,Power,Power,Coal + Power,TRUE,Included in analysis
Test,og_eq_cb_1,BR534875,US49725VAB80,1396125,Kiowa Power Partners Llc,Bonds,TRUE,TRUE,Power,Power,NA,FALSE,Included in analysis
Test,og_eq_cb_1,BR583130,US02361DAP50,2038316,Ameren Illinois Co,Bonds,TRUE,TRUE,Power,Power,Power,TRUE,Included in analysis
Test,og_eq_cb_1,BR342843,US26441CAS44,2045672,Duke Energy Corp,Bonds,TRUE,TRUE,Power,Power,Aviation + Oil&Gas + Power,TRUE,Included in analysis
Test,og_eq_cb_1,BR225117,US927804FB53,461615,Virginia Elec & Power Co,Bonds,TRUE,TRUE,Power,Power,Power,TRUE,Included in analysis
Test,og_eq_cb_1,BR295458,US665772CQ04,101754,Northern States Pwr-Minn,Bonds,TRUE,TRUE,Power,Power,Power,TRUE,Included in analysis
Test,og_eq_cb_1,BR43327,US26441CAR60,3647449,Duke Energy Corp,Bonds,TRUE,TRUE,Power,Power,Aviation + Oil&Gas + Power,TRUE,Included in analysis
Test,og_eq_cb_1,BR57762,US00908PAA57,497500,Air Canada 2017-1aa Ptt,Bonds,TRUE,TRUE,Aviation,Aviation,Aviation,TRUE,Included in analysis
Test,og_eq_cb_1,BR382906,US402479CA55,104918,Gulf Power Co,Bonds,TRUE,TRUE,Power,Power,Power,TRUE,Included in analysis
Test,og_eq_cb_1,BR238119,US37045XAL01,10460200,General Motors Finl Co,Bonds,TRUE,TRUE,Automotive,Automotive,Automotive + Power,TRUE,Included in analysis
Test,og_eq_cb_1,BR139714,US89566EAH18,4363560,Tristate Gen&Trans Assn,Bonds,TRUE,TRUE,Power,Power,Coal + Power,TRUE,Included in analysis
Test,og_eq_cb_1,BR374090,US144141DA35,3058620,Duke Energy Progress Llc,Bonds,TRUE,TRUE,Power,Power,Aviation + Oil&Gas + Power,TRUE,Included in analysis
Test,og_eq_cb_1,BR99953,US29364WAK45,8449542,NA,Bonds,TRUE,TRUE,Power,Power,Aviation + Power,TRUE,Included in analysis
Test,og_eq_cb_1,BR613799,US837004BV11,126923,Dominion Energy South,Bonds,TRUE,TRUE,Power,Power,Power,TRUE,Included in analysis
Test,og_eq_cb_1,BR455845,US65489DAA28,203432,Mclaren Finance Plc,Bonds,TRUE,TRUE,Automotive,Automotive,NA,FALSE,Included in analysis
Test,og_eq_cb_1,BR259154,US976826BE63,2014256,Wisconsin Power & Light Co,Bonds,TRUE,TRUE,Power,Power,Power,TRUE,Included in analysis
Test,og_eq_cb_1,BR648887,US264399ED44,664860,Duke Energy Carolinas Llc,Bonds,TRUE,TRUE,Power,Power,Aviation + Oil&Gas + Power,TRUE,Included in analysis
Test,og_eq_cb_1,BR367716,US67021CAG24,1475820,Nstar Electric Co,Bonds,TRUE,TRUE,Power,Power,Power,TRUE,Included in analysis
Test,og_eq_cb_1,BR597010,US131347CC82,1469767,Calpine Corp,Bonds,TRUE,TRUE,Other,Other,Power,FALSE,Included in analysis
Test,og_eq_cb_1,BR85011,US95709TAN00,1113043,Evergy Kansas Central Inc,Bonds,TRUE,TRUE,Power,Power,Power,TRUE,Included in analysis
Test,og_eq_cb_1,BR684535,US422704AD83,30863,Hecla Mining Co,Bonds,TRUE,TRUE,Other,Other,NA,FALSE,Included in analysis
Test,og_eq_cb_1,BR4748,US037735CK16,3389125,Appalachian Power Co,Bonds,TRUE,TRUE,Power,Power,Aviation + Coal + Power,TRUE,Included in analysis
Test,og_eq_cb_1,BR76448,US62704PAF09,128125,Murray Energy Corp,Bonds,TRUE,TRUE,Coal,Coal,NA,FALSE,Included in analysis
Test,og_eq_cb_1,BR337868,US37045XBW56,5147450,General Motors Finl Co,Bonds,TRUE,TRUE,Automotive,Automotive,Automotive + Power,TRUE,Included in analysis
Test,og_eq_cb_1,BR372482,US21079VAA17,1911092,Contl Airlines 2010-A,Bonds,TRUE,TRUE,Aviation,Aviation,Aviation + Power,TRUE,Included in analysis
Test,og_eq_cb_1,BR22052,US67021CAJ62,1140890,Nstar Electric Co,Bonds,TRUE,TRUE,Power,Power,Power,TRUE,Included in analysis
Test,og_eq_cb_1,BR201020,US345397XK41,6073260,Ford Motor Credit Co Llc,Bonds,TRUE,TRUE,Automotive,Automotive,Automotive + Power,TRUE,Included in analysis
Test,og_eq_cb_1,BR685789,US142339AG53,252293,Carlisle Cos Inc,Bonds,TRUE,TRUE,Other,Other,Aviation,FALSE,Included in analysis
Test,og_eq_cb_1,BR621334,US695114BZ08,1218141,Pacificorp,Bonds,TRUE,TRUE,Power,Power,Aviation + Coal + Oil&Gas + Power,TRUE,Included in analysis
Test,og_eq_cb_1,BR49735,US842400EZ22,5221120,Southern Cal Edison,Bonds,TRUE,TRUE,Power,Power,Power,TRUE,Included in analysis
Test,og_eq_cb_1,BR592069,US693483AC38,800655,Posco,Bonds,TRUE,TRUE,Steel,Steel,Coal + Oil&Gas + Power + Steel,TRUE,Included in analysis
Test,og_eq_cb_1,BR163798,US976656CJ54,10765231,Wisconsin Electric Power Co,Bonds,TRUE,TRUE,Power,Power,Power,TRUE,Included in analysis
Test,og_eq_cb_1,BR189212,US84474YAB20,706573,Sw Airlines 07-1 Trust,Bonds,TRUE,TRUE,Aviation,Aviation,Aviation,TRUE,Included in analysis
Test,og_eq_cb_1,BR182072,US84265VAH87,3111089,Southern Copper Corp,Bonds,TRUE,TRUE,Other,Other,NA,FALSE,Included in analysis
Test,og_eq_cb_1,BR440079,US345397WK59,2106008,Ford Motor Credit Co Llc,Bonds,TRUE,TRUE,Automotive,Automotive,Automotive + Power,TRUE,Included in analysis
Test,og_eq_cb_1,BR232324,US744448CH28,4969000,Public Service Colorado,Bonds,TRUE,TRUE,Power,Power,Power,TRUE,Included in analysis
Test,og_eq_cb_1,BR491832,US05565EAP07,996510,Bmw Us Capital Llc,Bonds,TRUE,TRUE,Automotive,Automotive,Automotive + Power,TRUE,Included in analysis
Test,og_eq_cb_1,BR401656,US231021AQ97,1198846,Cummins Inc,Bonds,TRUE,TRUE,Automotive,Automotive,Aviation + Power,FALSE,Included in analysis
Test,og_eq_cb_1,BR194983,US025537AJ08,31772576,American Electric Power,Bonds,TRUE,TRUE,Power,Power,Aviation + Coal + Power,TRUE,Included in analysis
Test,og_eq_cb_1,BR123849,US927804FR06,8549179,Virginia Elec & Power Co,Bonds,TRUE,TRUE,Power,Power,Power,TRUE,Included in analysis
Test,og_eq_cb_1,BR217050,US976826BL07,19204608,Wisconsin Power & Light Co,Bonds,TRUE,TRUE,Power,Power,Power,TRUE,Included in analysis
Test,og_eq_cb_1,BR165945,US78355HJT77,32021408,NA,Unclassifiable,FALSE,TRUE,Unclassifiable,Unclassifiable,NA,NA,Holding not in Bloomberg database
Test,og_eq_cb_1,BR127501,US771367CB32,21471808,NA,Unclassifiable,FALSE,TRUE,Unclassifiable,Unclassifiable,NA,NA,Holding not in Bloomberg database
Test,og_eq_cb_1,BR405639,US89236TCA16,51995,NA,Unclassifiable,FALSE,TRUE,Unclassifiable,Unclassifiable,NA,NA,Holding not in Bloomberg database
Test,og_eq_cb_1,BR624105,US26817RAM07,976752,NA,Unclassifiable,FALSE,TRUE,Unclassifiable,Unclassifiable,NA,NA,Holding not in Bloomberg database
Test,og_eq_cb_1,BR261339,US78355HJW07,5013540,NA,Unclassifiable,FALSE,TRUE,Unclassifiable,Unclassifiable,NA,NA,Holding not in Bloomberg database
Test,og_eq_cb_1,BR104722,US31428XAR70,132192,NA,Unclassifiable,FALSE,TRUE,Unclassifiable,Unclassifiable,NA,NA,Holding not in Bloomberg database
Test,og_eq_cb_1,BR473722,AU3CB0225472,1596198,NA,Unclassifiable,FALSE,TRUE,Unclassifiable,Unclassifiable,NA,NA,Holding not in Bloomberg database
Test,og_eq_cb_1,BR647346,US906548CG56,209190,NA,Unclassifiable,FALSE,TRUE,Unclassifiable,Unclassifiable,NA,NA,Holding not in Bloomberg database
Test,og_eq_cb_1,BR50046,US26442CAG96,2086600,NA,Unclassifiable,FALSE,TRUE,Unclassifiable,Unclassifiable,NA,NA,Holding not in Bloomberg database
Test,og_eq_cb_1,BR664460,US842587CQ87,213757,NA,Unclassifiable,FALSE,TRUE,Unclassifiable,Unclassifiable,NA,NA,Holding not in Bloomberg database
Test,og_eq_cb_1,BR517296,US233851CF99,148232,NA,Unclassifiable,FALSE,TRUE,Unclassifiable,Unclassifiable,NA,NA,Holding not in Bloomberg database
Test,og_eq_cb_1,BR578499,US465685AN59,2001452,NA,Unclassifiable,FALSE,TRUE,Unclassifiable,Unclassifiable,NA,NA,Holding not in Bloomberg database
Test,og_eq_cb_1,BR98346,US291641BB30,6102000,NA,Unclassifiable,FALSE,TRUE,Unclassifiable,Unclassifiable,NA,NA,Holding not in Bloomberg database
Test,og_eq_cb_1,BR349163,US65339KAJ97,12463863,NA,Unclassifiable,FALSE,TRUE,Unclassifiable,Unclassifiable,NA,NA,Holding not in Bloomberg database
Test,og_eq_cb_1,BR465409,US904845AA26,258125,NA,Unclassifiable,FALSE,TRUE,Unclassifiable,Unclassifiable,NA,NA,Holding not in Bloomberg database
Test,og_eq_cb_1,BR386755,US26442CAC82,9010137,NA,Unclassifiable,FALSE,TRUE,Unclassifiable,Unclassifiable,NA,NA,Holding not in Bloomberg database
Test,og_eq_cb_1,BR491783,US02665WAH43,901260,NA,Unclassifiable,FALSE,TRUE,Unclassifiable,Unclassifiable,NA,NA,Holding not in Bloomberg database
Test,og_eq_cb_1,BR596414,US67019EAB39,7257740,NA,Unclassifiable,FALSE,TRUE,Unclassifiable,Unclassifiable,NA,NA,Holding not in Bloomberg database
Test,og_eq_cb_1,BR51047,US89346DAC11,5083750,NA,Unclassifiable,FALSE,TRUE,Unclassifiable,Unclassifiable,NA,NA,Holding not in Bloomberg database
Test,og_eq_cb_1,BR269193,US26441CAD74,44803637,NA,Unclassifiable,FALSE,TRUE,Unclassifiable,Unclassifiable,NA,NA,Holding not in Bloomberg database
Test,og_eq_cb_1,BR672431,US03938LAQ77,727950,NA,Unclassifiable,FALSE,TRUE,Unclassifiable,Unclassifiable,NA,NA,Holding not in Bloomberg database
Test,og_eq_cb_1,BR309404,US744499AP93,7146790,NA,Unclassifiable,FALSE,TRUE,Unclassifiable,Unclassifiable,NA,NA,Holding not in Bloomberg database
Test,og_eq_cb_1,BR546393,US210518CL86,9527910,NA,Unclassifiable,FALSE,TRUE,Unclassifiable,Unclassifiable,NA,NA,Holding not in Bloomberg database
Test,og_eq_cb_1,BR45247,US976656CF33,4997920,NA,Unclassifiable,FALSE,TRUE,Unclassifiable,Unclassifiable,NA,NA,Holding not in Bloomberg database
Test,og_eq_cb_1,BR652659,US65473QAR48,235596,NA,Unclassifiable,FALSE,TRUE,Unclassifiable,Unclassifiable,NA,NA,Holding not in Bloomberg database
Test,og_eq_cb_1,BR498213,US465685AN59,14510528,NA,Unclassifiable,FALSE,TRUE,Unclassifiable,Unclassifiable,NA,NA,Holding not in Bloomberg database
Test,og_eq_cb_1,BR369800,US345397YD98,2386890,NA,Unclassifiable,FALSE,TRUE,Unclassifiable,Unclassifiable,NA,NA,Holding not in Bloomberg database
Test,og_eq_cb_1,BR89170,US927804FH24,10373700,NA,Unclassifiable,FALSE,TRUE,Unclassifiable,Unclassifiable,NA,NA,Holding not in Bloomberg database
Test,og_eq_cb_1,BR161767,US26817RAV06,2295631,NA,Unclassifiable,FALSE,TRUE,Unclassifiable,Unclassifiable,NA,NA,Holding not in Bloomberg database
Test,og_eq_cb_1,BR354466,US09628TAA79,2085000,NA,Unclassifiable,FALSE,TRUE,Unclassifiable,Unclassifiable,NA,NA,Holding not in Bloomberg database
Test,og_eq_cb_1,BR146660,US976826BG12,6116733,NA,Unclassifiable,FALSE,TRUE,Unclassifiable,Unclassifiable,NA,NA,Holding not in Bloomberg database
Test,og_eq_cb_1,BR147842,US055451AH17,5271550,NA,Unclassifiable,FALSE,TRUE,Unclassifiable,Unclassifiable,NA,NA,Holding not in Bloomberg database
Test,og_eq_cb_1,BR76823,US878742BC80,565000,NA,Unclassifiable,FALSE,TRUE,Unclassifiable,Unclassifiable,NA,NA,Holding not in Bloomberg database
Test,og_eq_cb_1,BR399948,US875127AX04,9639555,NA,Unclassifiable,FALSE,TRUE,Unclassifiable,Unclassifiable,NA,NA,Holding not in Bloomberg database
Test,og_eq_cb_1,BR624936,US014477AQ62,37620,NA,Unclassifiable,FALSE,TRUE,Unclassifiable,Unclassifiable,NA,NA,Holding not in Bloomberg database
Test,og_eq_cb_1,BR41795,US034863AD26,26019500,NA,Unclassifiable,FALSE,TRUE,Unclassifiable,Unclassifiable,NA,NA,Holding not in Bloomberg database
Test,og_eq_cb_1,BR111125,US233851BZ62,15201824,NA,Unclassifiable,FALSE,TRUE,Unclassifiable,Unclassifiable,NA,NA,Holding not in Bloomberg database
Test,og_eq_cb_1,BR593008,US845437BK71,312294,NA,Unclassifiable,FALSE,TRUE,Unclassifiable,Unclassifiable,NA,NA,Holding not in Bloomberg database
Test,og_eq_cb_1,BR436620,US24736WAA80,460089,NA,Unclassifiable,FALSE,TRUE,Unclassifiable,Unclassifiable,NA,NA,Holding not in Bloomberg database
Test,og_eq_cb_1,BR107293,US44923QAG91,166345,NA,Unclassifiable,FALSE,TRUE,Unclassifiable,Unclassifiable,NA,NA,Holding not in Bloomberg database
Test,og_eq_cb_1,BR126652,US05565EAD76,5958075,NA,Unclassifiable,FALSE,TRUE,Unclassifiable,Unclassifiable,NA,NA,Holding not in Bloomberg database
Test,og_eq_cb_1,BR77634,US51817RAA41,5250000,NA,Unclassifiable,FALSE,TRUE,Unclassifiable,Unclassifiable,NA,NA,Holding not in Bloomberg database
Test,og_eq_cb_1,BR654537,US233851CM41,21584087,NA,Unclassifiable,FALSE,TRUE,Unclassifiable,Unclassifiable,NA,NA,Holding not in Bloomberg database
Test,og_eq_cb_1,BR350973,US02665WBE03,9861690,NA,Unclassifiable,FALSE,TRUE,Unclassifiable,Unclassifiable,NA,NA,Holding not in Bloomberg database
Test,og_eq_cb_1,BR286070,US69352PAG81,2897448,NA,Unclassifiable,FALSE,TRUE,Unclassifiable,Unclassifiable,NA,NA,Holding not in Bloomberg database
Test,og_eq_cb_1,BR280902,US693304AL18,10057710,NA,Unclassifiable,FALSE,TRUE,Unclassifiable,Unclassifiable,NA,NA,Holding not in Bloomberg database
Test,og_eq_cb_1,BR50046,US26442CAG96,2086600,NA,Unclassifiable,FALSE,TRUE,Unclassifiable,Unclassifiable,NA,NA,Holding not in Bloomberg database
Test,og_eq_cb_1,BR675309,US02665WBE03,394724,NA,Unclassifiable,FALSE,TRUE,Unclassifiable,Unclassifiable,NA,NA,Holding not in Bloomberg database
Test,og_eq_cb_1,BR324667,US25746UCQ04,299100,NA,Unclassifiable,FALSE,TRUE,Unclassifiable,Unclassifiable,NA,NA,Holding not in Bloomberg database
Test,og_eq_cb_1,BR139410,US26442CAG96,2086600,NA,Unclassifiable,FALSE,TRUE,Unclassifiable,Unclassifiable,NA,NA,Holding not in Bloomberg database
Test,og_eq_cb_1,BR197434,US65473QAV59,5615800,NA,Unclassifiable,FALSE,TRUE,Unclassifiable,Unclassifiable,NA,NA,Holding not in Bloomberg database
Test,og_eq_cb_1,BR652659,US65473QAR48,235596,NA,Unclassifiable,FALSE,TRUE,Unclassifiable,Unclassifiable,NA,NA,Holding not in Bloomberg database
Test,og_eq_cb_1,BR90143,US268789AA24,5059210,NA,Unclassifiable,FALSE,TRUE,Unclassifiable,Unclassifiable,NA,NA,Holding not in Bloomberg database
Test,og_eq_cb_1,BR607398,US595620AJ40,1531039,NA,Unclassifiable,FALSE,TRUE,Unclassifiable,Unclassifiable,NA,NA,Holding not in Bloomberg database
Test,og_eq_cb_1,BR142800,US210518CR56,1045630,NA,Unclassifiable,FALSE,TRUE,Unclassifiable,Unclassifiable,NA,NA,Holding not in Bloomberg database
Test,og_eq_cb_1,BR448776,US78355HJT77,2000376,NA,Unclassifiable,FALSE,TRUE,Unclassifiable,Unclassifiable,NA,NA,Holding not in Bloomberg database
Test,og_eq_cb_1,BR271199,US98389BAM28,1042,NA,Unclassifiable,FALSE,TRUE,Unclassifiable,Unclassifiable,NA,NA,Holding not in Bloomberg database
Test,og_eq_cb_1,BR91168,US02665WAH43,2002990,NA,Unclassifiable,FALSE,TRUE,Unclassifiable,Unclassifiable,NA,NA,Holding not in Bloomberg database
Test,og_eq_cb_1,BR251413,XS0808638612,9492281,NA,Unclassifiable,FALSE,TRUE,Unclassifiable,Unclassifiable,NA,NA,Holding not in Bloomberg database
Test,og_eq_cb_1,BR679249,US210518CL86,129226,NA,Unclassifiable,FALSE,TRUE,Unclassifiable,Unclassifiable,NA,NA,Holding not in Bloomberg database
Test,og_eq_cb_1,BR299308,US24736VAA08,478586,NA,Unclassifiable,FALSE,TRUE,Unclassifiable,Unclassifiable,NA,NA,Holding not in Bloomberg database
Test,og_eq_cb_1,BR395454,US69352JAL17,10150000,NA,Unclassifiable,FALSE,TRUE,Unclassifiable,Unclassifiable,NA,NA,Holding not in Bloomberg database
Test,og_eq_cb_1,BR172316,US24736WAA80,4485870,NA,Unclassifiable,FALSE,TRUE,Unclassifiable,Unclassifiable,NA,NA,Holding not in Bloomberg database
Test,og_eq_cb_1,BR75346,US210518CR56,522764,NA,Unclassifiable,FALSE,TRUE,Unclassifiable,Unclassifiable,NA,NA,Holding not in Bloomberg database
Test,og_eq_cb_1,BR312104,US12626PAJ21,5158250,NA,Unclassifiable,FALSE,TRUE,Unclassifiable,Unclassifiable,NA,NA,Holding not in Bloomberg database
Test,og_eq_cb_1,BR584888,US69331CAF59,499970,NA,Unclassifiable,FALSE,TRUE,Unclassifiable,Unclassifiable,NA,NA,Holding not in Bloomberg database
Test,og_eq_cb_1,BR250350,US59125QAB41,3363296,NA,Unclassifiable,FALSE,TRUE,Unclassifiable,Unclassifiable,NA,NA,Holding not in Bloomberg database
Test,og_eq_cb_1,BR555686,US014477AR46,290125,NA,Unclassifiable,FALSE,TRUE,Unclassifiable,Unclassifiable,NA,NA,Holding not in Bloomberg database
Test,og_eq_cb_1,BR209790,US34540UAA79,18302196,NA,Unclassifiable,FALSE,TRUE,Unclassifiable,Unclassifiable,NA,NA,Holding not in Bloomberg database
Test,og_eq_cb_1,BR487607,US345397VT77,7172271,NA,Unclassifiable,FALSE,TRUE,Unclassifiable,Unclassifiable,NA,NA,Holding not in Bloomberg database
Test,og_eq_cb_1,BR593820,US373334JP75,311266,NA,Unclassifiable,FALSE,TRUE,Unclassifiable,Unclassifiable,NA,NA,Holding not in Bloomberg database
Test,og_eq_cb_1,BR19910,US744448CC31,2941304,NA,Unclassifiable,FALSE,TRUE,Unclassifiable,Unclassifiable,NA,NA,Holding not in Bloomberg database
Test,og_eq_cb_1,BR426085,CA918423AG97,6161321,NA,Unclassifiable,FALSE,TRUE,Unclassifiable,Unclassifiable,NA,NA,Holding not in Bloomberg database
Test,og_eq_cb_1,BR449608,US695114CH90,371476,NA,Unclassifiable,FALSE,TRUE,Unclassifiable,Unclassifiable,NA,NA,Holding not in Bloomberg database
Test,og_eq_cb_1,BR576635,US91911TAM53,1757800,NA,Unclassifiable,FALSE,TRUE,Unclassifiable,Unclassifiable,NA,NA,Holding not in Bloomberg database
Test,og_eq_cb_1,BR25705,US345397YD98,9928630,NA,Unclassifiable,FALSE,TRUE,Unclassifiable,Unclassifiable,NA,NA,Holding not in Bloomberg database
Test,og_eq_cb_1,BR392361,US74456QBG01,915372,NA,Unclassifiable,FALSE,TRUE,Unclassifiable,Unclassifiable,NA,NA,Holding not in Bloomberg database
Test,og_eq_cb_1,BR115161,US98462YAC49,3017610,NA,Unclassifiable,FALSE,TRUE,Unclassifiable,Unclassifiable,NA,NA,Holding not in Bloomberg database
Test,og_eq_cb_1,BR277881,US91911TAL70,396563,NA,Unclassifiable,FALSE,TRUE,Unclassifiable,Unclassifiable,NA,NA,Holding not in Bloomberg database
Test,og_eq_cb_1,BR11417,US29365TAA25,351933,NA,Unclassifiable,FALSE,TRUE,Unclassifiable,Unclassifiable,NA,NA,Holding not in Bloomberg database
Test,og_eq_cb_1,BR476065,US89236TCP84,1363045,NA,Unclassifiable,FALSE,TRUE,Unclassifiable,Unclassifiable,NA,NA,Holding not in Bloomberg database
Test,og_eq_cb_1,BR404952,US049560AJ40,53749,NA,Unclassifiable,FALSE,TRUE,Unclassifiable,Unclassifiable,NA,NA,Holding not in Bloomberg database
Test,og_eq_cb_1,BR648182,US780287AA66,1488630,NA,Unclassifiable,FALSE,TRUE,Unclassifiable,Unclassifiable,NA,NA,Holding not in Bloomberg database
Test,og_eq_cb_1,BR263755,US373334JP75,72641,NA,Unclassifiable,FALSE,TRUE,Unclassifiable,Unclassifiable,NA,NA,Holding not in Bloomberg database
Test,og_eq_cb_1,BR305361,US00130HBN44,5625000,NA,Unclassifiable,FALSE,TRUE,Unclassifiable,Unclassifiable,NA,NA,Holding not in Bloomberg database
Test,og_eq_cb_1,BR652814,US744573AJ58,265553,NA,Unclassifiable,FALSE,TRUE,Unclassifiable,Unclassifiable,NA,NA,Holding not in Bloomberg database
Test,og_eq_cb_1,BR405854,US21079UAA34,44156,NA,Unclassifiable,FALSE,TRUE,Unclassifiable,Unclassifiable,NA,NA,Holding not in Bloomberg database
Test,og_eq_cb_1,BR16544,US485260BL69,7565354,NA,Unclassifiable,FALSE,TRUE,Unclassifiable,Unclassifiable,NA,NA,Holding not in Bloomberg database
Test,og_eq_cb_1,BR392155,US654740AH26,1431702,NA,Unclassifiable,FALSE,TRUE,Unclassifiable,Unclassifiable,NA,NA,Holding not in Bloomberg database
Test,og_eq_cb_1,BR673300,US31428XAZ96,149975,NA,Unclassifiable,FALSE,TRUE,Unclassifiable,Unclassifiable,NA,NA,Holding not in Bloomberg database
Test,og_eq_cb_1,BR197813,US43474TAA16,21854540,NA,Unclassifiable,FALSE,TRUE,Unclassifiable,Unclassifiable,NA,NA,Holding not in Bloomberg database
Test,og_eq_cb_1,BR515817,US233851BH64,498480,NA,Unclassifiable,FALSE,TRUE,Unclassifiable,Unclassifiable,NA,NA,Holding not in Bloomberg database
Test,og_eq_cb_1,BR316962,US69371RM291,250560,NA,Unclassifiable,FALSE,TRUE,Unclassifiable,Unclassifiable,NA,NA,Holding not in Bloomberg database
Test,og_eq_cb_1,BR24865,US636180BJ92,21595060,NA,Unclassifiable,FALSE,TRUE,Unclassifiable,Unclassifiable,NA,NA,Holding not in Bloomberg database
Test,og_eq_cb_1,BR188859,US476556DA05,3150180,NA,Unclassifiable,FALSE,TRUE,Unclassifiable,Unclassifiable,NA,NA,Holding not in Bloomberg database
Test,og_eq_cb_1,BR159241,US144141CZ94,6193287,NA,Unclassifiable,FALSE,TRUE,Unclassifiable,Unclassifiable,NA,NA,Holding not in Bloomberg database
Test,og_eq_cb_1,BR186550,US695114CK20,1551405,NA,Unclassifiable,FALSE,TRUE,Unclassifiable,Unclassifiable,NA,NA,Holding not in Bloomberg database
Test,og_eq_cb_1,BR305827,US89346DAC11,20310080,NA,Unclassifiable,FALSE,TRUE,Unclassifiable,Unclassifiable,NA,NA,Holding not in Bloomberg database
Test,og_eq_cb_1,BR372385,US210795QD50,282432,NA,Unclassifiable,FALSE,TRUE,Unclassifiable,Unclassifiable,NA,NA,Holding not in Bloomberg database
Test,og_eq_cb_1,BR228315,US875127AX04,2891881,NA,Unclassifiable,FALSE,TRUE,Unclassifiable,Unclassifiable,NA,NA,Holding not in Bloomberg database
Test,og_eq_cb_1,BR36817,US743263AN59,6334134,NA,Unclassifiable,FALSE,TRUE,Unclassifiable,Unclassifiable,NA,NA,Holding not in Bloomberg database
Test,og_eq_cb_1,BR192398,US03938LAU89,2170000,NA,Unclassifiable,FALSE,TRUE,Unclassifiable,Unclassifiable,NA,NA,Holding not in Bloomberg database
Test,og_eq_cb_1,BR19220,US693304AL18,3017310,NA,Unclassifiable,FALSE,TRUE,Unclassifiable,Unclassifiable,NA,NA,Holding not in Bloomberg database
Test,og_eq_cb_1,BR223930,US02360FAA49,2090420,NA,Unclassifiable,FALSE,TRUE,Unclassifiable,Unclassifiable,NA,NA,Holding not in Bloomberg database
Test,og_eq_cb_1,BR51047,US89346DAC11,5083750,NA,Unclassifiable,FALSE,TRUE,Unclassifiable,Unclassifiable,NA,NA,Holding not in Bloomberg database
Test,og_eq_cb_1,BR404542,US694308GN14,10464,NA,Unclassifiable,FALSE,TRUE,Unclassifiable,Unclassifiable,NA,NA,Holding not in Bloomberg database
Test,og_eq_cb_1,BR560875,US209111EX75,2896410,NA,Unclassifiable,FALSE,TRUE,Unclassifiable,Unclassifiable,NA,NA,Holding not in Bloomberg database
Test,og_eq_cb_1,BR421146,USP62138AA30,842000,NA,Unclassifiable,FALSE,TRUE,Unclassifiable,Unclassifiable,NA,NA,Holding not in Bloomberg database
Test,og_eq_cb_1,BR171524,US034863AD26,2080000,NA,Unclassifiable,FALSE,TRUE,Unclassifiable,Unclassifiable,NA,NA,Holding not in Bloomberg database
Test,og_eq_cb_1,BR160668,US233851CF99,148245,NA,Unclassifiable,FALSE,TRUE,Unclassifiable,Unclassifiable,NA,NA,Holding not in Bloomberg database
Test,og_eq_cb_1,BR501143,US02665WAW10,499515,NA,Unclassifiable,FALSE,TRUE,Unclassifiable,Unclassifiable,NA,NA,Holding not in Bloomberg database
Test,og_eq_cb_1,BR222430,US30257GAA94,291631,NA,Unclassifiable,FALSE,TRUE,Unclassifiable,Unclassifiable,NA,NA,Holding not in Bloomberg database
Test,og_eq_cb_1,BR204304,US29364WAJ71,10832541,NA,Unclassifiable,FALSE,TRUE,Unclassifiable,Unclassifiable,NA,NA,Holding not in Bloomberg database
Test,og_eq_cb_1,BR182550,US46507NAD21,1113750,NA,Unclassifiable,FALSE,TRUE,Unclassifiable,Unclassifiable,NA,NA,Holding not in Bloomberg database
Test,og_eq_cb_1,BR32802,US927804FH24,12811520,NA,Unclassifiable,FALSE,TRUE,Unclassifiable,Unclassifiable,NA,NA,Holding not in Bloomberg database
Test,og_eq_cb_1,BR480360,US25746UCA51,680721,NA,Unclassifiable,FALSE,TRUE,Unclassifiable,Unclassifiable,NA,NA,Holding not in Bloomberg database
Test,og_eq_cb_1,BR166572,US00130HBS31,25760000,NA,Unclassifiable,FALSE,TRUE,Unclassifiable,Unclassifiable,NA,NA,Holding not in Bloomberg database
Test,og_eq_cb_1,BR335702,US677050AE65,1043301,NA,Unclassifiable,FALSE,TRUE,Unclassifiable,Unclassifiable,NA,NA,Holding not in Bloomberg database
